id,filosofo
0,Camille_Moubarak
1,Jürgen_Habermas
2,Carl_Gustav_Hempel
3,Robert_Nozick
4,Peter_Achinstein
5,Richard_Jeffrey
6,Jaegwon_Kim
7,John_Earman
8,Lawrence_Sklar
9,Wesley_C._Salmon
10,Philip_Kitcher
11,Nelson_Goodman
12,Carl_Schmitt
13,C._Lottieri
14,Mouffe
15,Paul_Gottfried
16,G._Miglio
17,Moldbug
18,Copenhagen_School_(international_relations)
19,Andrew_Arato
20,Antonio_Negri
21,Leo_Strauss
22,Žižek
23,Waldemar_Gurian
24,Walter_Benjamin
25,Wang_Shaoguang
26,Adam_Wielomski
27,Adrian_Vermeule
28,Agamben
29,Alain_de_Benoist
30,Aleksandr_Dugin
31,Ernst_Jünger
32,F._A._Hayek
33,Hans_Morgenthau
34,Jacob_Taubes
35,Jacques_Derrida
36,Jaime_Guzmán
37,Arendt
38,Jiang_Shigong
39,Susan_Buck-Morss
40,Mario_Tronti
41,Mark_Lilla
42,Carlo_Galli_(political_scientist)
43,Liu_Xiaofeng_(academic)
44,Koselleck
45,Chris_Ferrara
46,Münkler
47,F.P._Yockey
48,Carl_Stumpf
49,Robert_Musil
50,Max_Scheler
51,George_Stout
52,Edmund_Husserl
53,Kurt_Koffka
54,Kurt_Lewin
55,Wolfgang_Köhler
56,Carl_Vogt
57,Ivan_Pavlov
58,Ammonius_Saccas
59,Hypatia
60,Tertullian
61,Plotinus
62,Origen
63,Bayazid_Bastami
64,Muhammad_Iqbal
65,Abu_al-Hassan_al-Kharaqani
66,Hallaj
67,Syed_Badiuddin_Zinda_Shah_Qutbul_Madar
68,Protagoras
69,Joseph_Margolis
70,Friedrich_Nietzsche
71,Jeremy_Bentham
72,Plato
73,F.C.S._Schiller
74,Pyrrho
75,Arcesilaus
76,Epicurus
77,Nagarjuna
78,Timon_of_Phlius
79,Galen
80,Aenesidemus
81,Michel_de_Montaigne
82,Sextus_Empiricus
83,Nausiphanes
84,Pythagoras
85,Empedocles
86,Pythagoreanism
87,Aristotle
88,Xenophanes
89,Pāṇini
90,Roman_Jakobson
91,Patanjali
92,Franz_Bopp
93,Leonard_Bloomfield
94,Frits_Staal
95,Ferdinand_de_Saussure
96,Chomsky
97,Qalandar_Baba_Auliya
98,Khwaja_Shamsuddin_Azeemi_(spiritual_teacher)
99,Ron_Paul
100,David_Schmidtz
101,Thomas_Ernest_Woods_Jr.
102,Thomas_Sowell
103,Lena_Andersson_(author)
104,Lew_Rockwell
105,Walter_Block
106,Hans-Hermann_Hoppe
107,Jan_Narveson
108,Tamar_Gendler
109,Rand_Paul
110,William_F_Buckley
111,Roberto_Mangabeira_Unger
112,Lee_Smolin
113,Roderick_Chisholm
114,Richard_Taylor_(philosopher)
115,Dean_Zimmerman_(philosopher)
116,Fred_Feldman_(philosopher)
117,Dale_Jacquette
118,Edmund_Gettier
119,Ernest_Sosa
120,Keith_Lehrer
121,Selmer_Bringsjord
122,Peter_D._Klein
123,Rodrigo_de_Arriaga
124,Juan_Caramuel_y_Lobkowitz
125,René_Descartes
126,Gottfried_Wilhelm_Leibniz
127,Francesco_Sforza_Pallavicino
128,Jan_Marek_Marci
129,Marin_Mersenne
130,Pierre_Gassendi
131,Valeriano_Magni
132,Roger_Bacon
133,Hobbes
134,J._Alberdi
135,J._de_Maistre
136,F._Bacon
137,Roger_Crisp
138,Constantine_Sandis
139,William_MacAskill
140,Roland_Barthes
141,Jean_Baudrillard
142,Rom_Harré
143,Roy_Bhaskar
144,Patrick_Baert
145,Jonathan_Smith_(psychologist)
146,Luk_Van_Langenhove
147,Dell_Hymes
148,Joseph_Greenberg
149,Paul_Ricœur
150,Claude_Lévi-Strauss
151,Giorgio_Agamben
152,Morris_Halle
153,Friedemann_Schulz_von_Thun
154,Noam_Chomsky
155,Jacques_Lacan
156,Michael_Silverstein
157,Michel_Foucault
158,Nicolas_Ruwet
159,Ronald_Dworkin
160,Robert_Alexy
161,Jeremy_Waldron
162,Alister_McGrath
163,Margaret_Archer
164,Rudolf_Carnap
165,Thomas_Kuhn
166,Willard_Van_Orman_Quine
167,Kurt_Gödel
168,Rudolf_Christoph_Eucken
169,Evelyn_Underhill
170,Abel_J._Jones
171,W._R._Boyce_Gibson
172,Rudolf_Sutermeister
173,Gustav_Siegfried
174,Johann_Jakob_Treichler
175,Karl_Bürkli
176,Rudolf_von_Jhering
177,Philipp_Heck
178,Sam_C._Sarkesian
179,John_Allen_Williams
180,Samuel_Alexander
181,C._S._Lewis
182,Alfred_North_Whitehead
183,John_Anderson_(philosopher)
184,Samuel_Edward_Konkin_III
185,Ross_Ulbricht
186,J._Neil_Schulman
187,Victor_Koman
188,Samuel_von_Pufendorf
189,Denis_Diderot
190,William_Blackstone
191,Jean-Jacques_Rousseau
192,Tara_Smith_(philosopher)
193,John_Locke
194,Christian_Thomasius
195,Charles_de_Montesquieu
196,Sandra_Laugier
197,Tristan_Garcia
198,Milosz_Paul_Rosinski
199,Saul_Kripke
200,John_P._Burgess
201,Scipione_Ammirato
202,Jakob_Thomasius
203,Johannes_Althusius
204,Arnoldus_Clapmarius
205,Hermann_Conring
206,Abraham_Nicolas_Amelot_de_la_Houssaye
207,Jean_Baudoin_(translator)
208,Thomas_Gordon_(writer)
209,Political_realism
210,Quentin_Meillassoux
211,Ray_Brassier
212,Suisheng_Zhao
213,Eric_X._Li
214,Gregory_J._Moore
215,Baron_d'Holbach
216,Camille_Desmoulins
217,Saul_Alinsky
218,David_Hume
219,Peter_Kropotkin
220,Voltaire
221,Maximilien_Robespierre
222,Edward_Gibbon
223,Emma_Goldman
224,George_Soros
225,Georges_Danton
226,Sigmund_Freud
227,William_Godwin
228,Adam_Smith
229,Adam_Weishaupt
230,Jean-Paul_Marat
231,Charles_Darwin
232,John_Maynard_Keynes
233,Karl_Marx
234,Immanuel_Kant
235,Michel_Onfray
236,Baruch_Spinoza
237,Percy_Bysshe_Shelley
238,Georg_Wilhelm_Friedrich_Hegel
239,George_Santayana
240,Gilles_Deleuze
241,Gotthold_Ephraim_Lessing
242,Louis_Althusser
243,Ludwig_Wittgenstein
244,Albert_Einstein
245,Novalis
246,Arthur_Schopenhauer
247,Bas_van_Fraassen
248,Elisabeth_Lloyd
249,Nancy_Cartwright_(philosopher)
250,Michael_Rea
251,Alvin_Plantinga
252,Arthur_Fine
253,Hans_Halvorson
254,Benjamin_Tucker
255,Ricardo_Mella
256,Robert_Anton_Wilson
257,Voltairine_de_Cleyre
258,Murray_Rothbard
259,Lev_Chernyi
260,Émile_Armand
261,Kevin_Carson
262,John_Henry_Mackay
263,Henry_Meulen
264,Benno_Kerry
265,Gottlob_Frege
266,Alois_Höfler
267,Kazimierz_Twardowski
268,Bernard_Bolzano
269,Franz_Brentano
270,Georg_Cantor
271,Heinrich_Scholz
272,Jean_Cavaillès
273,Kevin_Mulligan
274,Gilbert_Ryle
275,Bernard_Gert
276,Walter_Sinnott-Armstrong
277,Joshua_Gert
278,Bernard_Loomer
279,Nancy_Frankenberry
280,Bernard_Mandeville
281,Friedrich_Hayek
282,Jean-François_Melon
283,Marquis_de_Sade
284,Bernard_Stiegler
285,Daniel_Ross_(philosopher)
286,Bernard_Williams
287,Elizabeth_S._Anderson
288,Stanley_Cavell
289,A._W._Moore_(philosopher)
290,Amartya_Sen
291,Martha_Nussbaum
292,Raymond_Geuss
293,Sophie_Grace_Chappell
294,Bertrand_Russell
295,Carl_Sagan
296,Robert_Oppenheimer
297,John_Searle
298,John_von_Neumann
299,Joseph_Rotblat
300,Paul_Kurtz
301,Pervez_Hoodbhoy
302,Richard_Dawkins
303,Christopher_Hitchens
304,Colin_McGinn
305,Edward_Said
306,Frank_P._Ramsey
307,Frank_Wilczek
308,G._H._Hardy
309,Moritz_Schlick
310,Andrei_Sakharov
311,Sidney_Hook
312,Stephen_Hawking
313,Leon_Chwistek
314,B._F._Skinner
315,Buckminster_Fuller
316,Txillardegi
317,A._C._Grayling
318,A._J._Ayer
319,Alan_Turing
320,Albert_Ellis
321,Aleksandr_Solzhenitsyn
322,Alfred_Tarski
323,Daniel_Dennett
324,Norbert_Wiener
325,Vienna_Circle
326,Herbert_A._Simon
327,Hilary_Putnam
328,Isaac_Asimov
329,Isaiah_Berlin
330,J._L._Austin
331,Jacob_Bronowski
332,James_Joyce
333,Jawaharlal_Nehru
334,Tariq_Ali
335,Che_Guevara
336,Karl_Popper
337,Donald_Davidson_(philosopher)
338,Martin_Gardner
339,Marvin_Minsky
340,Kurt_Grelling
341,Kurt_Vonnegut
342,Michael_Albert
343,Nathan_Salmon
344,Ray_Kurzweil
345,Sheikh_Mujibur_Rahman
346,W._V._Quine
347,Bertrand_de_Jouvenel
348,Raymond_Aron
349,Blaise_Pascal
350,Georges_Sorel
351,Antoine_Arnauld
352,Léon_Brunschvicg
353,William_James
354,William_Lane_Craig
355,Alexis_de_Tocqueville
356,Henri_Bergson
357,Pierre_Duhem
358,Bob_Black
359,David_Graeber
360,Post-left_anarchy
361,Uri_Gordon_(anarchist)
362,Peter_Gelderloos
363,Bolívar_Echeverría
364,Stefan_Gandler
365,Brand_Blanshard
366,A._C._Ewing
367,James_A._Michener
368,David_B._Zilberman
369,Alexander_Piatigorsky
370,David_Chalmers
371,Sam_Harris
372,Tyler_Burge
373,Gualtiero_Piccinini
374,David_Gauthier
375,Peter_Vallentyne
376,Geoffrey_Sayre-McCord
377,David_Hartley_(philosopher)
378,Joseph_Priestley
379,William_Wordsworth
380,James_Mill
381,John_Stuart_Mill
382,Jordan_Howard_Sobel
383,Jorge_Luis_Borges
384,Thomas_Jefferson
385,Thomas_Paine
386,Thomas_Reid
387,Simon_Blackburn
388,Western_philosophy
389,Alexander_Hamilton
390,Alfred_Jules_Ayer
391,J._L._Mackie
392,James_Madison
393,Jerry_Fodor
394,Johann_Georg_Hamann
395,David_Kaplan_(philosopher)
396,John_Perry_(philosopher)
397,C._Anthony_Anderson
398,David_Lewis_(philosopher)
399,Peter_Railton
400,L.A._Paul
401,Stathis_Psillos
402,Barry_Loewer
403,John_Hawthorne
404,Mark_Johnston_(philosopher)
405,Ted_Sider
406,Gideon_Rosen
407,Bob_Brandom
408,David_Velleman
409,David_Lyons_(philosopher)
410,David_O._Brink
411,David_Papineau
412,David_R._Mayhew
413,Sarah_Orban
414,Julia_Azari
415,Eric_Schickler
416,Steven_Calabresi
417,Gary_Jacobson
418,Sean_Trende
419,Devin_Caughey
420,John_Dearborn
421,John_Mark_Hansen
422,Matthew_Green_(political_scientist)
423,Paul_Frymer
424,R._Douglas_Arnold
425,Robert_Saldin
426,Rod_Kiewiet
427,Jason_Brennan
428,David_Stove
429,Peter_Forrest_(philosopher)
430,James_Franklin_(philosopher)
431,Debiprasad_Chattopadhyaya
432,Mircea_Eliade
433,Democritus
434,Lucretius
435,François-Noël_Babeuf
436,Étienne_Bonnot_de_Condillac
437,Auguste_Comte
438,Günter_Grass
439,Jacques_Barzun
440,Johann_Wolfgang_von_Goethe
441,Milan_Kundera
442,Denise_Paulme
443,Marcel_Mauss
444,Derek_Parfit
445,Samuel_Scheffler
446,Brad_Hooker
447,Peter_Singer
448,Ruth_Chang
449,John_Cottingham
450,Larry_Temkin
451,Jeff_McMahan_(philosopher)
452,Thomas_Hurka
453,Ali_ibn_al-Madini
454,Ibrahim_ibn_Ya'qub_al-Juzajani
455,Alison_Jaggar
456,Sally_Haslanger
457,Cicero
458,Clitomachus_(philosopher)
459,Lacydes_of_Cyrene
460,Favorinus
461,Philo_of_Larissa
462,Plutarch
463,Carneades
464,Archytas
465,Menaechmus
466,Eudoxus_of_Cnidus
467,Arethas_of_Caesarea
468,Leo_VI_the_Wise
469,Hong_Daeyong
470,Yu_Deuk-gong
471,Bak_Jiwon_(born_1737)
472,Pak_Je-ga
473,Yi_Deok-mu
474,Hubert_Dreyfus
475,Patricia_Benner
476,Richard_Rorty
477,Taylor_Carman
478,John_Richardson_(philosopher)
479,Charles_Taylor_(philosopher)
480,John_Haugeland
481,Mark_Wrathall
482,Philosophy_of_artificial_intelligence
483,Iain_Thomson
484,Sean_Dorrance_Kelly
485,Hugh_of_Saint_Victor
486,Peter_Lombard
487,Erich_Auerbach
488,Søren_Kierkegaard
489,Richard_of_Saint_Victor
490,Damascius
491,Synesius_of_Cyrene
492,Stephen_Neale
493,John_Ruskin
494,Pre-Raphaelite_Brotherhood
495,Proust
496,Roger_Scruton
497,Detmar_Blow
498,John_William_Hill
499,Richard_Morris_Hunt
500,Richard_Upjohn
501,Clarence_King
502,Clement_Attlee
503,Frank_Lloyd_Wright
504,G._K._Chesterton
505,Gandhi
506,George_Fitzhugh
507,Hardwicke_Rawnsley
508,Cecil_Rhodes
509,Tolstoy
510,Walter_Gropius
511,Walter_Pater
512,William_Morris
513,James_Jackson_Jarves
514,American_Pre-Raphaelites
515,E._F._Schumacher
516,Oscar_Wilde
517,Bernard_Shaw
518,Gustav_Stickley
519,Henry_Hobson_Richardson
520,J._A._Hobson
521,Peter_Fuller
522,Charles_Herbert_Moore
523,Kenneth_Clark
524,Le_Corbusier
525,Clarence_Cook
526,Ralph_Adams_Cram
527,Octavia_Hill
528,W._G._Collingwood
529,Russell_Sturgis
530,John_Selden
531,Giambattista_Vico
532,Great_Tew
533,Montesquieu
534,Thomas_Hobbes
535,Edmund_Burke
536,Richard_Cumberland_(philosopher)
537,John_Henry_Newman
538,Joseph_De_Maistre
539,John_Watson_(philosopher)
540,Salem_Bland
541,John_Wycliffe
542,Huldrych_Zwingli
543,William_Tyndale
544,Henry_VIII
545,Jan_Hus
546,John_Calvin
547,Martin_Luther
548,John_Zerzan
549,Species_Traitor
550,Green_Anarchy
551,World_Trade_Organization_Ministerial_Conference_of_1999_protest_activity
552,Jonathan_Dancy
553,Josef_Breuer
554,Josef_Pieper
555,James_V._Schall
556,Seraphim_Rose
557,Josef_Ratzinger
558,Joseph_Dietzgen
559,Vladimir_Lenin
560,Antonie_Pannekoek
561,Karl_Kautsky
562,Joseph_Maréchal
563,Bernard_Lonergan
564,Karl_Rahner
565,Richard_De_Smet
566,Joseph_de_Maistre
567,Juan_Donoso_Cortés
568,Jules_Barbey_d'Aurevilly
569,Julius_Evola
570,René_Girard
571,René_Guénon
572,Robert_Hugh_Benson
573,Russell_Kirk
574,Emil_Cioran
575,George_MacDonald
576,Georges_Bernanos
577,Monaldo_Leopardi
578,Antonio_Rosmini
579,Louis_Veuillot
580,Louis_de_Bonald
581,Léon_Bloy
582,Éliphas_Lévi
583,Warren_H._Carroll
584,Francis_Parker_Yockey
585,Henri_de_Saint-Simon
586,Hilaire_Belloc
587,J._R._R._Tolkien
588,Charles_Baudelaire
589,Charles_Maurras
590,Karl_Ludwig_von_Haller
591,Dimitrije_Ljotić
592,Martin_Heidegger
593,Pierre_Boutang
594,CH_Douglas
595,William_Thomas_Walsh
596,GK_Chesterton
597,Blanc_de_Saint-Bonnet
598,Josiah_Royce
599,Edward_Vermilye_Huntington
600,Gabriel_Marcel
601,George_Herbert_Mead
602,Morris_Raphael_Cohen
603,Timothy_Sprigge
604,William_Ernest_Hocking
605,Clarence_Irving_Lewis
606,John_Elof_Boodin
607,John_William_Miller
608,Henry_M._Sheffer
609,José_Carlos_Mariátegui
610,Abimael_Guzmán
611,Gustavo_Gutiérrez
612,Javier_Mariátegui
613,José_Ferrater_Mora
614,Oscar_Horta
615,José_Manuel_Briceño_Guerrero
616,Fernando_Báez_(writer)
617,José_Ortega_y_Gasset
618,Davud_Monshizadeh
619,José_Antonio_Primo_de_Rivera
620,Julián_Marías
621,María_Zambrano
622,Generation_of_'27
623,Graham_Harman
624,Antonio_Machado
625,José_Gaos
626,Albert_Jay_Nock
627,Gregory_Areshian
628,Mario_Vargas_Llosa
629,Olavo_de_Carvalho
630,Xavier_Zubiri
631,Jean_Thiriart
632,Juan_Bautista_Alberdi
633,Antonio_Bermejo
634,Argentine_Constitution_of_1853
635,José_Luis_Espert
636,Juan_José_Sebreli
637,Ricardo_López_Murphy
638,Victoria_Ocampo
639,Generation_of_'80
640,1837_generation
641,Gloria_Álvarez
642,Álvaro_Alsogaray
643,José_Ignacio_García_Hamilton
644,Juan_B._Justo
645,Mariano_Grondona
646,Javier_Milei
647,Joaquín_V._González
648,Mario_Bunge
649,Carlos_Alfredo_Rodríguez
650,Carlos_Rodríguez_Braun
651,Ramón_Rosa
652,Juan_Carlos_Portantiero
653,Raúl_Alfonsín
654,Nicolás_Gómez_Dávila
655,Juan_Vázquez_de_Mella
656,Plinio_Corrêa_de_Oliveira
657,Miguel_Antonio_Caro
658,Evola
659,Judith_Butler
660,Pussy_Riot
661,Sandy_Stone_(artist)
662,Sara_Ahmed
663,Andrea_Smith_(academic)
664,Amy_Allen_(philosopher)
665,Jasbir_Puar
666,Karen_Barad
667,Susan_Stryker
668,Jules_Lequier
669,Charles_Hartshorne
670,Charles_Renouvier
671,Jules_Michelet
672,Jacob_Burckhardt
673,Jules_Vuillemin
674,Jacques_Bouveresse
675,Jean_Bricmont
676,Julien_Offray_de_La_Mettrie
677,François_Picavet
678,Julius_Bahnsen
679,Ludwig_Klages
680,Dragoš_Kalajić
681,Alexandr_Dugin
682,Patrick_Suppes
683,Wolfgang_Balzer
684,Paul_Benacerraf
685,Ronald_de_Sousa
686,Paul_Boghossian
687,Paul_Churchland
688,Patricia_Churchland
689,Paul_Feyerabend
690,Imre_Lakatos
691,Curtis_Yarvin
692,Paul_Grice
693,P._F._Strawson
694,Skeptical_movement
695,Steven_Novella
696,Michael_Shermer
697,Emmanuel_Macron
698,Paul_Thagard
699,Chris_Eliasmith
700,Paul_Virilio
701,Paul_of_Venice
702,Paolo_da_Pergola
703,Gaetano_da_Thiene_(philosopher)
704,Peter_Abelard
705,William_of_Ockham
706,John_of_Salisbury
707,Arnold_of_Brescia
708,Helen_Longino
709,Peter_Carruthers_(philosopher)
710,Keith_Frankish
711,Peter_G._Ossorio
712,Wynn_Schwartz
713,"Bergner,_Ray"
714,Keith_E._Davis
715,Mary_McDermott_Shideler
716,Peter_Geach
717,Brian_Davies_(philosopher)
718,G._E._M._Anscombe
719,Anthony_Kenny
720,C._J._F._Williams
721,Alasdair_MacIntyre
722,Michael_Dummett
723,Peter_Hacker
724,Max_Bennett_(scientist)
725,John_Dupré
726,Rudolf_Rocker
727,Ricardo_Flores_Magón
728,Colin_Ward
729,Franz_Kafka
730,George_Woodcock
731,Murray_Bookchin
732,Leo_Tolstoy
733,Slavoj_Žižek
734,Stephen_Jay_Gould
735,Alexander_Berkman
736,Daniel_Guérin
737,Errico_Malatesta
738,Nestor_Makhno
739,Brian_Morris
740,Shūsui_Kōtoku
741,Peter_Lamborn_Wilson
742,Michael_Muhammad_Knight
743,Wahid_Azal
744,Peter_Ludlow
745,Jason_Stanley
746,Peter_Rollins
747,Rob_Bell
748,Brian_McLaren
749,Jay_Bakker
750,Phyllis_Tickle
751,Emerging_Church_Movement
752,Bill_Gates
753,Joshua_Greene_(psychologist)
754,Julian_Savulescu
755,Peter_Unger
756,James_Rachels
757,Steven_Best
758,Steven_Pinker
759,Toby_Ord
760,Dale_Jamieson
761,Gregory_Pence
762,Mylan_Engel
763,Peter_Sloterdijk
764,Yana_Milev
765,Bruno_Latour
766,Marc_Jongen
767,Henk_Oosterling
768,Peter_Struve
769,Richard_Pipes
770,Nikolai_Berdyaev
771,Semyon_Frank
772,Sergei_Bulgakov
773,Peter_Wessel_Zapffe
774,Thomas_Ligotti
775,Herman_Tønnessen
776,Petr_Chelčický
777,Unity_of_the_Brethren_(Czech_Republic)
778,Moravian_Church
779,Baptist_Union_in_the_Czech_Republic
780,Petrus_Ramus
781,Jean_Bodin
782,Renzo_Novatore
783,Antonio_Gramsci
784,Bruno_Filippi
785,Severino_Di_Giovanni
786,Christiaan_Huygens
787,Nicolas_Malebranche
788,Isaac_Newton
789,Jacques-Bénigne_Bossuet
790,Boris_Mouravieff
791,Huston_Smith
792,Joseph_Epes_Brown
793,Bernard_Philip_Kelly
794,Simone_Weil
795,Harry_Oldmeadow
796,Michel_Valsan
797,Wendell_Berry
798,James_Cutsinger
799,Ali_Lakhani
800,Ananda_Coomaraswamy
801,Arturo_Reghini
802,King_Charles_III
803,Jean_Borella
804,Jean_Hani
805,Alain_Danielou
806,Algis_Uzdavinys
807,Seyyed_Hossein_Nasr
808,Richard_Smoley
809,Reza_Davari_Ardakani
810,Bijan_Abdolkarimi
811,Musa_Najafi
812,Richard_Avenarius
813,Josepha_Kodis
814,Alexander_Bogdanov
815,Anatoly_Lunacharsky
816,Ernst_Mach
817,Richard_Boyd
818,Jason_Josephson_Storm
819,Richard_Brandt
820,Allan_Gibbard
821,Richard_Cantillon
822,"Victor_de_Riqueti,_marquis_de_Mirabeau"
823,Richard_Popkin
824,Luciano_Floridi
825,Richard_J._Bernstein
826,Richard_Posner
827,Robert_Brandom
828,David_Macarthur
829,Cornel_West
830,Gianni_Vattimo
831,Laurence_BonJour
832,Jeffrey_Stout
833,Chantal_Mouffe
834,John_McDowell
835,Jurgen_Habermas
836,Michael_Williams_(philosopher)
837,Richard_Sylvan
838,Graham_Priest
839,Richard_Tarnas
840,Jorge_Ferrer
841,Ken_Wilber
842,David_Foster_Wallace
843,Richard_Thomas_Alexander
844,Agnes_Snyder
845,Peter_Sammartino
846,Rigas_Feraios
847,Greek_War_of_Independence
848,Alan_Moore
849,Robert_B._Pippin
850,Paul_Redding
851,Axel_Honneth
852,Terry_Pinkard
853,Diego_Bubbio
854,Simon_Lumsden
855,Allen_Speight
856,Stanley_Hauerwas
857,Mark_Lance
858,Robert_Filmer
859,Algernon_Sidney
860,James_Tyrrell_(writer)
861,Robert_Gilpin
862,Stephen_D._Krasner
863,Umberto_Eco
864,Stuart_Hall_(cultural_theorist)
865,Upasani_Maharaj
866,Meher_Baba
867,Valerianus_Magnus
868,Bartholomaeus_Nigrinus
869,Vasile_Pogor
870,Titu_Maiorescu
871,Theodor_Rosetti
872,A._D._Xenopol
873,Victor_Cousin
874,Jules_Simon
875,Paul_Janet
876,Patrick_Edward_Dove
877,Théodore_Simon_Jouffroy
878,Adolphe_Franck
879,Charles_de_Rémusat
880,Jean_Philibert_Damiron
881,Felix_Ravaisson-Mollien
882,Pierre-Joseph_Proudhon
883,Ralph_Waldo_Emerson
884,Jules_Barthélemy_Saint-Hilaire
885,Adolphe_Garnier
886,Victor_Prosper_Considerant
887,Charles_Fourier
888,"Victoria,_Lady_Welby"
889,Charles_Kay_Ogden
890,Charles_Sanders_Peirce
891,Susan_Petrilli
892,H._Walter_Schmitz
893,Vladimir_Jankélévitch
894,Emmanuel_Levinas
895,Arnold_Davidson
896,Catherine_Clement
897,Cynthia_Fleury
898,Vladimir_Solovyov_(philosopher)
899,Pavel_Florensky
900,Lev_Karsavin
901,Alexander_Blok
902,Alexandre_Kojève
903,Dostoyevsky
904,Sergey_Bulgakov
905,Andrei_Belyi
906,Nicolas_Berdyaev
907,David_Blitz
908,Eric_Bergenn
909,Evan_McCarthy
910,David_Carr_(phenomenology_scholar)
911,Margret_Grebowicz
912,Donald_A._Gillies
913,David_Corfield
914,Donald_Cary_Williams
915,John_Bacon_(philosopher)
916,Paul_Fitzgerald_(philosopher)
917,Nicholas_Wolterstorff
918,Keith_Campbell_(philosopher)
919,D._M._Armstrong
920,Jakob_Schegk
921,Nicolaus_Taurellus
922,Second_scholasticism
923,Johann_Heinrich_Alsted
924,Comenius
925,Kazimierz_Łyszczyński
926,Johann_Reuchlin
927,Heinrich_Cornelius_Agrippa
928,Philip_Melanchthon
929,Johannes_Rehmke
930,Rudolf_Steiner
931,John_Argyropoulos
932,Angelo_Poliziano
933,Jacques_Lefèvre_d'Étaples
934,Constantine_Lascaris
935,Leonardo_da_Vinci
936,Marsilio_Ficino
937,Speusippus
938,Xenocrates
939,Paul_Natorp
940,Ernst_Cassirer
941,Hans-Georg_Gadamer
942,Karl_Barth
943,Rabindranath_Tagore
944,Pseudo-Dionysius_the_Areopagite__Pseudo-Dionysius_the_Areopagite__1
945,Eastern_Christianity
946,Western_Christianity
947,Ramon_Llull__Ramon_Llull__1
948,John_Wilkins
949,Juan_de_Zumárraga
950,Peter_of_Limoges
951,Robert_Boyle
952,Johann_Heinrich_Bisterfeld
953,George_Dalgarno
954,George_Herbert
955,George_Ripley_(alchemist)
956,Giordano_Bruno
957,Giovanni_Pico_della_Mirandola
958,Thomas_Traherne
959,Bernard_de_Lavinheta
960,Bernardo_Buil
961,Francisco_de_Osuna
962,Giulio_Pace
963,Francis_Bacon
964,Francisco_Jiménez_de_Cisneros
965,Nicholas_of_Cusa
966,Paracelsus
967,Charles_de_Bovelles
968,Josep_Perarnau
969,Athanasius_Kircher
970,Johannes_Trithemius
971,John_Dee
972,John_Donne
973,Junipero_Serra
974,Heymeric_de_Campo
975,Raymond_of_Sabunde
976,Jan_Amos_Comenius
977,Cornelius_Castoriadis
978,Robin_Hahnel
979,Elias_Petropoulos
980,Sudipta_Kaviraj
981,Claude_Lefort
982,Georges_Duby
983,Graham_Ward_(theologian)
984,Anthony_Giddens
985,Zygmunt_Bauman
986,Jonathan_Nitzan
987,Daniel_Cohn-Bendit
988,E._P._Thompson
989,Edgar_Morin
990,Francisco_Varela
991,Nikolas_Kompridis
992,John_Thompson_(sociologist)
993,Vincent_Descombes
994,Guy_Debord
995,Hans_G._Furth
996,Hans_Joas
997,Harald_Wolf
998,Jacques_Le_Goff
999,Takis_Fotopoulos
1000,Marcel_Gauchet
1001,Pierre_Vidal-Naquet
1002,Serge_Latouche
1003,Shimshon_Bichler
1004,Maurice_Brinton
1005,Lorraine_Code
1006,Nicole_Loraux
1007,René_Lourau
1008,Cornelius_Van_Til
1009,John_Frame_(philosopher)
1010,Francis_Schaeffer
1011,Greg_Bahnsen
1012,"Richard_L._Pratt,_Jr."
1013,D.A._Carson
1014,Rushdoony
1015,Costanzo_Preve
1016,Diego_Fusaro
1017,Crates_of_Athens
1018,Theodorus_the_Atheist
1019,Bion_of_Borysthenes
1020,Crispin_Wright
1021,Duncan_Pritchard
1022,Michael_Lynch_(philosopher)
1023,Jose_Zalabardo
1024,Carrie_Ichikawa_Jenkins
1025,Annalisa_Coliva
1026,Masoud_Ahmadzadeh
1027,Amir_Parviz_Pooyan
1028,Hamid_Ashraf
1029,Ashraf_Dehghani
1030,Mostafa_Shoa'ian
1031,Matsuoka_Shoan
1032,Ono_Ranzan
1033,Maurice_Blanchot
1034,Samuel_Beckett
1035,Sarah_Kofman
1036,Paul_Auster
1037,Paul_de_Man
1038,Leslie_Hill
1039,Jean-Luc_Nancy
1040,Mario_Kopić
1041,Pierre_Joris
1042,Maurice_Blondel
1043,John_Milbank
1044,Maurice_Halbwachs
1045,Maurice_Merleau-Ponty
1046,Max_Adler_(Marxist)
1047,Lucien_Goldmann
1048,Max_Black
1049,Keith_Donnellan
1050,Anton_Friedrich_Koch
1051,Max_Horkheimer
1052,Erich_Fromm
1053,Herbert_Marcuse
1054,Theodor_Adorno
1055,Viktor_Frankl
1056,Alicja_Gescinska
1057,Edith_Stein
1058,Nicolai_Hartmann
1059,Karol_Wojtyła
1060,Dietrich_von_Hildebrand
1061,Martin_Buber
1062,Ortega_y_Gasset
1063,Max_Stirner
1064,Saul_Newman
1065,Enrico_Arrigoni
1066,Miguel_Giménez_Igualada
1067,Friedrich_Engels
1068,Wilhelm_Reich
1069,John_Carroll_(author)
1070,Adolf_Brand
1071,Albert_Camus
1072,Erich_Mühsam
1073,Otto_Gross
1074,Gustav_Landauer
1075,H._L._Mencken
1076,Herbert_Read
1077,Dmitry_Pisarev
1078,Dora_Marsden
1079,Philipp_Mainländer
1080,Raoul_Vaneigem
1081,Steven_T._Byington
1082,Mechthild_of_Magdeburg
1083,Christian_mysticism
1084,Dante_Alighieri
1085,Henry_of_Nördlingen
1086,Meister_Eckhart
1087,Carl_Gustav_Jung
1088,Matthew_Fox_(priest)
1089,Bernard_McGinn_(theologian)
1090,D._T._Suzuki
1091,Eckhart_Tolle
1092,Erasmus
1093,Hans_Urs_von_Balthasar
1094,Henry_Suso
1095,Pope_John_Paul_II
1096,John_Tauler
1097,Mencius
1098,Chinese_philosophy
1099,Robert_Novak
1100,Rick_Santorum
1101,Mel_Bradford
1102,Antonin_Scalia
1103,William_F._Buckley_Jr.
1104,Pat_Buchanan
1105,Jerome_Corsi
1106,John_Derbyshire
1107,Mike_Pence
1108,Ruth_Barcan_Marcus
1109,Timothy_Williamson
1110,Salomon_Maimon
1111,Karl_Leonhard_Reinhold
1112,Cheng_Yi_(philosopher)
1113,Zhu_Xi
1114,Ernst_Platner
1115,Johann_Gottlieb_Fichte
1116,Lu_Jiuyuan
1117,Mou_Zongsan
1118,Nakae_Tōju
1119,Liang_Shuming
1120,Ōshio_Heihachirō
1121,Wang_Yangming
1122,Yan_Xishan
1123,Mihály_András_Vajda
1124,Xeniades
1125,Monimus
1126,Chris_Harman
1127,Alex_Callinicos
1128,Christian_Jakob_Kraus
1129,Wilhelm_von_Humboldt
1130,Jakob_Sigismund_Beck
1131,Christian_Wolff_(philosopher)
1132,Anton_Wilhelm_Amo
1133,Johann_Heinrich_Samuel_Formey
1134,Georg_Bernhard_Bilfinger
1135,Emer_de_Vattel
1136,Georg_Friedrich_Meier
1137,Moses_Mendelssohn
1138,Michael_Christoph_Hanow
1139,Alexander_Gottlieb_Baumgarten
1140,Johann_Christoph_Gottsched
1141,Johannes_Nikolaus_Tetens
1142,Martin_Knutzen
1143,Mikhail_Lomonosov
1144,Christian_von_Ehrenfels
1145,Stephan_Witasek
1146,Felix_Weltsch
1147,Christine_Korsgaard
1148,Austin_Dacey
1149,Sharon_Street
1150,Christoph_von_Sigwart
1151,Bernard_Bosanquet_(philosopher)
1152,F._H._Bradley
1153,Gad_Saad
1154,James_Fenton
1155,Martin_Amis
1156,Claude_Adrien_Helvétius
1157,"Cesare,_Marquis_of_Beccaria"
1158,Miguel_Abensour
1159,Deleuze_and_Guattari
1160,Catherine_Clément
1161,Edmund_Leach
1162,Jean-Paul_Sartre
1163,Philippe_Descola
1164,Pierre_Bourdieu
1165,Cleanthes
1166,Chrysippus
1167,Sphaerus
1168,Clement_of_Alexandria
1169,Benedict_XVI
1170,Christian_philosophy
1171,Eusebius
1172,Colin_Radford
1173,Alexander_Zinoviev
1174,Jon_Elster
1175,Georgy_Shchedrovitsky
1176,Yuri_Levada
1177,Boris_Grushin
1178,Alexander_of_Aphrodisias
1179,Maimonides
1180,Cesare_Cremonini_(philosopher)
1181,Pietro_Pomponazzi
1182,Edward_Abramowski
1183,Augustyn_Wróblewski
1184,Edward_Caird
1185,Henry_Jones_(philosopher)
1186,Edward_S._Casey
1187,Fred_Evans_(philosopher)
1188,Leonard_Lawlor
1189,Adrian_Johnston_(philosopher)
1190,Bonnie_Mann
1191,Homi_K._Bhabha
1192,Robert_Fisk
1193,Chris_Hedges
1194,Gayatri_Chakravorty_Spivak
1195,Hamid_Dabashi
1196,Rashid_Khalidi
1197,Edward_Shils
1198,Saul_Bellow
1199,Joseph_Epstein_(writer)
1200,Jerzy_Zubrzycki
1201,Talcott_Parsons
1202,Edwin_Arthur_Burtt
1203,Alexandre_Koyré
1204,Emanuele_Tesauro
1205,Dominique_Bouhours
1206,Claude-François_Ménestrier
1207,Nicolas_Boileau
1208,Benjamin_Franklin
1209,George_Washington
1210,Emil_Fackenheim
1211,James_Doull
1212,Douglas_John_Hall
1213,Emil_Lask
1214,Georg_Lukács
1215,Eugen_Herrigel
1216,Roger_Nash_Baldwin
1217,Ba_Jin
1218,Margaret_Sanger
1219,Noe_Ito
1220,Carlo_Lottieri
1221,Benny_Lévy
1222,Bernard-Henri_Lévy
1223,Enrique_Dussel
1224,Simon_Critchley
1225,Avital_Ronell
1226,Alain_Finkielkraut
1227,Alphonso_Lingis
1228,Jean-Luc_Marion
1229,John_Llewelyn
1230,Robert_Bernasconi
1231,Paul_Ricoeur
1232,Emmanuel_Mounier
1233,Abbé_Pierre
1234,Pierre_Trudeau
1235,Ngo_Dinh_Nhu
1236,Metrodorus_of_Lampsacus_(the_younger)
1237,Diogenes_of_Oenoanda
1238,Jun_Tsuji
1239,Hermarchus
1240,Seneca_the_Younger
1241,Philodemus
1242,Frank_Ramsey_(mathematician)
1243,Iván_Werning
1244,Susan_Haack
1245,Frank_Van_Dun
1246,Jörg_Guido_Hülsmann
1247,Frantz_Fanon
1248,Afro-pessimism
1249,Max_Müller
1250,August_Schleicher
1251,Michel_Bréal
1252,Carl_Menger
1253,Vittorio_Benussi
1254,Anton_Marty
1255,Tomáš_Garrigue_Masaryk
1256,Alexius_Meinong
1257,Franz_Rosenzweig
1258,Nahum_Norbert_Glatzer
1259,Eric_Santner
1260,Emil_Ludwig_Fackenheim
1261,Irad_Kimhi
1262,François_Laruelle
1263,Nick_Srnicek
1264,Katerina_Kolozova
1265,Gilles_Grelet
1266,François_Quesnay
1267,Jacques_Claude_Marie_Vincent_de_Gournay
1268,André_Morellet
1269,Guillaume-François_Le_Trosne
1270,Henry_George
1271,Manuel_Belgrano
1272,Nicolas_Baudeau
1273,Pierre-Paul_Lemercier_de_La_Rivière_de_Saint-Médard
1274,Elder_Mirabeau
1275,Du_Pont_de_Nemours
1276,Anne_Turgot
1277,George_Yancy
1278,Fred_Feldman
1279,Robert_S._Welch
1280,Fred_Newman_(philosopher)
1281,Lenora_Fulani
1282,Lois_Holzman
1283,Fredric_Jameson
1284,Alexander_R._Galloway
1285,Friedrich_Adolf_Trendelenburg
1286,Ernst_Laas
1287,George_Sylvester_Morris
1288,Friedrich_Paulsen
1289,Wilhelm_Dilthey
1290,Hermann_Cohen
1291,Friedrich_Albert_Lange
1292,Eduard_Bernstein
1293,Friedrich_Carl_von_Savigny
1294,Anton_Friedrich_Justus_Thibaut
1295,August_von_Bethmann-Hollweg
1296,Friedrich_Eduard_Beneke
1297,Friedrich_Ueberweg
1298,Karl_Fortlage
1299,J._D._Morell
1300,Friedrich_Fröbel
1301,Sister_Nivedita
1302,Friedrich_Heinrich_Jacobi
1303,Friedrich_Wilhelm_Joseph_Schelling
1304,Ludwig_Feuerbach
1305,Jakob_Friedrich_Fries
1306,Influence_and_reception_of_Friedrich_Nietzsche
1307,Friedrich_Schlegel
1308,Coleridge
1309,Kazimierz_Brodziński
1310,Mickiewicz
1311,Friedrich_Schleiermacher
1312,Rudolf_Bultmann
1313,Antoine_Berman
1314,Paul_Tillich
1315,Manfred_Frank
1316,Walter_Rauschenbusch
1317,Heinrich_Ritter
1318,Albrecht_Ritschl
1319,Daphne_Hampson
1320,August_Böckh
1321,L._Harold_DeWolf
1322,Carl_Gustav_Carus
1323,Carl_Jung
1324,Samuel_Taylor_Coleridge
1325,Karl_Wilhelm_Ferdinand_Solger
1326,Alexander_von_Humboldt
1327,Alexandru_Hâjdeu
1328,Eric_Voegelin
1329,Luigi_Pareyson
1330,Isaac_Bernays
1331,Charles_Secrétan
1332,Karl_Christian_Friedrich_Krause
1333,Karl_Robert_Eduard_von_Hartmann
1334,Immanuel_Hermann_Fichte
1335,Christian_Hermann_Weisse
1336,Iain_Hamilton_Grant
1337,Vicente_Ferreira_da_Silva
1338,Friedrich_Ast
1339,Félix_Ravaisson
1340,Nees_von_Esenbeck
1341,Russian_Schellingianism
1342,Frithjof_Bergmann
1343,Robert_C._Solomon
1344,André_Gorz
1345,Anthony_Weston
1346,Frithjof_Schuon
1347,Hossein_Nasr
1348,Thomas_Merton
1349,Leo_Schaya
1350,William_Stoddart
1351,Michael_O._Fitzgerald
1352,Titus_Burckhardt
1353,Whitall_Perry
1354,Charles_Upton_(poet)
1355,Jean-Louis_Michon
1356,Marco_Pallis
1357,Martin_Lings
1358,Philip_Sherrard
1359,Wolfgang_Smith
1360,Félix_Guattari
1361,Bryan_Reynolds_(scholar)
1362,Brian_Massumi
1363,Nick_Land
1364,Marcella_Althaus-Reid
1365,Michael_Hardt
1366,Félix_Ravaisson-Mollien
1367,Louis_Lavelle
1368,Dominique_Janicaud
1369,Pierre_Hadot
1370,Thomas_Nagel
1371,Iris_Murdoch
1372,Philippa_Foot
1373,Sebastian_Rödl
1374,G._E._Moore
1375,W._D._Ross
1376,John_Paul_II
1377,Walker_Percy
1378,Jean_Wahl
1379,Gaston_Bachelard
1380,Rogelio_Salmona
1381,Georges_Canguilhem
1382,Gilbert_Durand
1383,Nader_El-Bizri
1384,François_Dagognet
1385,Dominique_Lecourt
1386,Don_Ihde
1387,Michel_Serres
1388,Gemistos_Plethon
1389,Bessarion
1390,Cosimo_de'_Medici
1391,Hermonymus_of_Sparta
1392,Georg_Henrik_von_Wright
1393,Karl-Otto_Apel
1394,Georg_Simmel
1395,Barry_Wellman
1396,Max_Weber
1397,Lewis_A._Coser
1398,Harrison_White
1399,Mark_Granovetter
1400,George_Campbell_(minister)
1401,Rhetoric
1402,J._D._B._De_Bow
1403,George_Dod_Armstrong
1404,William_J._Grayson
1405,Albert_Taylor_Bledsoe
1406,Edmund_Ruffin
1407,Thornton_Stringfellow
1408,George_Gurdjieff
1409,Peter_Brook
1410,René_Daumal
1411,Arnaud_Desjardins
1412,James_Moore_(Cornish_author)
1413,Alfred_Richard_Orage
1414,Barry_Long
1415,P._L._Travers
1416,Henry_Miller
1417,Jean_Toomer
1418,John_Anthony_West
1419,Katherine_Mansfield
1420,Keith_Jarrett
1421,Philip_Mairet
1422,C._Wright_Mills
1423,Charles_W._Morris
1424,H._Richard_Niebuhr
1425,Herbert_Blumer
1426,John_Dewey
1427,Eugene_Halton
1428,George_Hourani
1429,Ihsan_Abbas
1430,Glenn_Gould
1431,Wallace_Stevens
1432,John_Lachs
1433,Russel_Kirk
1434,Georges_Bataille
1435,Julia_Kristeva
1436,Michel_Leiris
1437,Alain_Badiou
1438,Jacques-Alain_Miller
1439,Georges_Palante
1440,Louis_Guilloux
1441,Jean_Grenier
1442,Camus
1443,Robert_Michels
1444,Roman_Rybarski
1445,Hitler
1446,Hubert_Lagardelle
1447,C._Schmitt
1448,V._Pareto
1449,Mussolini
1450,Stanisław_Brzozowski_(writer)
1451,Édouard_Berth
1452,Lenin
1453,Paolo_Orano
1454,Gramsci
1455,Malaparte
1456,Georgi_Plekhanov
1457,Gershom_Scholem
1458,Borges
1459,George_Steiner
1460,Derrida
1461,Hans_Jonas
1462,Harold_Bloom
1463,Moshe_Idel
1464,Rivka_Schatz_Uffenheimer
1465,Chabon
1466,Giacomo_Leopardi
1467,Umberto_Saba
1468,Giosuè_Carducci
1469,Francesco_de_Sanctis
1470,Miguel_de_Unamuno
1471,Carlo_Michelstaedter
1472,Carlo_Cattaneo
1473,Carlo_Levi
1474,Benedetto_Croce
1475,Ugo_Foscolo
1476,Vittorio_Hösle
1477,Giuseppe_Ferrari_(philosopher)
1478,Goethe
1479,Edgar_Quinet
1480,Francesco_Lomonaco
1481,Northrop_Frye
1482,Vincenzo_Cuoco
1483,Hayden_White
1484,Hegel
1485,James_Hillman
1486,Marshall_McLuhan
1487,R._G._Collingwood
1488,Stefan_Lorenz_Sorgner
1489,Maurizio_Ferraris
1490,Lorenzo_Ferrero
1491,Gilbert_Simondon
1492,Isabelle_Stengers
1493,Jacques_Ellul
1494,Giles_of_Rome
1495,James_of_Viterbo
1496,Thomas_of_Strasburg
1497,Gilles_Châtelet
1498,Reza_Negarestani
1499,Rosi_Braidotti
1500,Gillian_Rose
1501,Rowan_Williams
1502,Paul_Gilroy
1503,Geoffrey_Hill
1504,Dominick_LaCapra
1505,Thomas_Cajetan
1506,John_Colet
1507,Sir_Thomas_More
1508,Gorgias
1509,Pericles
1510,Antisthenes
1511,Xenophon
1512,Carl_Friedrich_Gauss
1513,Benoit_Mandelbrot
1514,Bernhard_Riemann
1515,Joseph-Louis_Lagrange
1516,George_Berkeley
1517,George_Boole
1518,Leonhard_Euler
1519,Émilie_du_Châtelet
1520,Wilhelm_Wundt
1521,Nicholas_Rescher
1522,Levi_Bryant
1523,Steven_Shaviro
1524,Timothy_Morton
1525,Mitrofan_Lodyzhensky
1526,P._D._Ouspensky
1527,Mladen_Dolar
1528,Alenka_Zupančič
1529,Mohammad_Baba_As-Samasi
1530,Amir_Kulal
1531,Vincenzo_Pecci
1532,David_Paul_Drach
1533,Leopold_von_Ranke
1534,United_States_Constitution
1535,Tocqueville
1536,Adam_Ferguson
1537,Durkheim
1538,Politics_of_the_United_States
1539,Rousseau
1540,Koneczny
1541,Barante
1542,Sismondi
1543,Gustav_Bergmann
1544,Herbert_Feigl
1545,Albert_Blumberg
1546,Susan_Stebbing
1547,Morris_Janowitz
1548,Ernest_Nagel
1549,Mortimer_J._Adler
1550,Peter_Kreeft
1551,John_Deely
1552,Moses_Hess
1553,Ber_Borochov
1554,Berl_Katznelson
1555,Nachman_Syrkin
1556,Theodor_Herzl
1557,Ze'ev_Jabotinsky
1558,Alexander_Herzen
1559,Liu_Shu-hsien
1560,Mozi
1561,Zhuang_Zhou
1562,Eastern_philosophy
1563,Taoism
1564,Chinese_Buddhism
1565,Natural_science
1566,School_of_Names
1567,Muhammad_Ali_Jinnah
1568,Muhammad_Asad
1569,Muhammad_Ishaq_Madni
1570,Annemarie_Schimmel
1571,Fateh_Muhammad_Malik
1572,Abul_A'la_Maududi
1573,Ali_Shariati
1574,Eva_de_Vitray-Meyerovitch
1575,Israr_Ahmed
1576,Khushwant_Singh
1577,Syed_Jawad_Naqvi
1578,Imran_Khan
1579,Imran_N._Hosein
1580,Islamic_Republic_of_Pakistan
1581,Pakistan_Movement
1582,Ayatollah_Khamenei
1583,Faiz_Ahmed_Faiz
1584,Ale_Ahmed_Suroor
1585,Muhammad_Taqi_Bahar
1586,Muhammad_Tahir
1587,Allama_Muhammad_Idrees_Dahiri
1588,Syed_Ismaeel_Shah
1589,Muhammad_Usman_Damani
1590,Sayyad_Laal_Shah_Hamdani
1591,Khwaja_Sirajuddin_Naqshbandi
1592,Rojava_Revolution
1593,David_Harvey
1594,Abdullah_Öcalan
1595,Modibo_Kadalie
1596,Mário_Ferreira_dos_Santos
1597,Stanislavs_Ladusãns
1598,Tito_Livio_Ferreira
1599,Theodor_Lipps
1600,Moritz_Geiger
1601,Theodor_W._Adorno
1602,Helmut_Reichelt
1603,Mark_Fisher
1604,Theophrastus
1605,Strato_of_Lampsacus
1606,Peripatetic_school
1607,Thiruvalluvar
1608,Mahatma_Gandhi
1609,Yu_Hsi
1610,Albert_Schweitzer
1611,Kambar_(poet)
1612,Karl_Graul
1613,George_Uglow_Pope
1614,South_India
1615,Indian_philosophy
1616,Ilango_Adigal
1617,Vallalar
1618,Constantius_Joseph_Beschi
1619,Sekkilar
1620,Thomas_More
1621,Louis_XIV
1622,Étienne_Gilson
1623,Henri_de_Lubac
1624,John_Fisher
1625,Ralph_McInerny
1626,Mary_I
1627,Catherine_De_Medici
1628,Social_philosophy
1629,Jurisprudence
1630,Political_philosophy
1631,Martin_Cohen_(philosopher)
1632,Thomas_Metzinger
1633,Robert_G._Ingersoll
1634,Mary_Wollstonecraft
1635,George_Carlin
1636,Moncure_D._Conway
1637,Thomas_Edison
1638,Abraham_Lincoln
1639,Jyotirao_Phule
1640,Mark_Twain
1641,Pierre_Victurnien_Vergniaud
1642,George_Elder_Davie
1643,William_Alston
1644,William_L._Rowe
1645,James_Frederick_Ferrier
1646,Dugald_Stewart
1647,Keith_DeRose
1648,James_Beattie_(poet)
1649,Charles_Hodge
1650,Michael_Bergmann_(philosopher)
1651,Michael_Huemer
1652,Damo_(philosopher)
1653,Telauges
1654,Dan_Goldstick
1655,Miguel_Figueroa
1656,Duns_Scotus__John_Duns_Scotus__1
1657,Antonius_Andreas
1658,Gerard_Manley_Hopkins
1659,Hannah_Arendt
1660,Henry_Harclay
1661,Thomas_Wilton
1662,John_Scotus_Eriugena__John_Scotus_Eriugena__1
1663,Bernard_of_Clairvaux
1664,Bonaventure
1665,Berengar_of_Tours
1666,Bernardus_Silvestris
1667,Alain_de_Lille
1668,Albertus_Magnus
1669,Hildegard_of_Bingen
1670,Israel_the_Grammarian
1671,Peter_Damian
1672,School_of_Chartres
1673,School_of_Saint_Victor
1674,Gabirol
1675,Amaury_of_Bene
1676,Honorius_of_Autun
1677,John_van_Ruysbroeck__John_of_Ruusbroec__1
1678,Johannes_Tauler
1679,Maurice_Maeterlinck
1680,Ernest_Hello
1681,Geert_Groote
1682,Thomas_à_Kempis
1683,Denis_the_Carthusian
1684,Leonardus_Lessius
1685,Laurentius_Surius
1686,Dag_Hammarskjöld
1687,Brethren_of_the_Common_Life
1688,John_of_Schoonhoven
1689,Louis_de_Blois
1690,Jean_Gerson
1691,Bossuet
1692,Thomas_á_Jesu
1693,Henry_van_Herp
1694,Michel_Aflaq__1
1695,Bashar_al-Assad
1696,Saddam_Hussein
1697,Salah_Jadid
1698,Salah_al-Din_al-Bitar
1699,Fuad_al-Rikabi
1700,Abdullah_Rimawi
1701,Amin_al-Hafiz
1702,Akram_al-Hawrani
1703,Nureddin_al-Atassi
1704,Tan_Malaka
1705,Assem_Qanso
1706,Nasser
1707,Ahmad_Hassan_al-Bakr
1708,Hafiz_al-Assad
1709,Izzat_Ibrahim_ad-Douri
1710,Michel_Bréal__Michel_Bréal__1
1711,Georges_Dumézil
1712,Antoine_Meillet
1713,Andrzej_Frycz_Modrzewski
1714,Grotius
1715,Althusius
1716,Anna-Teresa_Tymieniecka
1717,Antarah_ibn_Shaddad
1718,Salih
1719,Mohammed_Ridha_Al-Shabibi
1720,Muhammad_Mahdi_al-Jawahiri
1721,Abd_al-Wahhab_Al-Bayati
1722,"Anthony_Ashley-Cooper,_3rd_Earl_of_Shaftesbury"
1723,Thomas_Blackwell_(scholar)
1724,Antiochus_of_Ascalon
1725,Stoicism
1726,Cynicism_(philosophy)
1727,Diogenes_of_Sinope
1728,Crates_of_Thebes
1729,Antoine_Destutt_de_Tracy
1730,Lucien_Tesnière
1731,Émile_Benveniste
1732,Joseph_Vendryes
1733,Marcel_Cohen
1734,André_Martinet
1735,Aurélien_Sauvageot
1736,Milman_Parry
1737,Hrachia_Adjarian
1738,New_Left
1739,William_K._Carroll
1740,Ernesto_Laclau
1741,Apuleius
1742,Charles_Gildon
1743,Machiavelli
1744,Albertus
1745,Novatian
1746,Bernard_Silvestris
1747,Kafka
1748,Shakespeare
1749,Augustine
1750,Collodi
1751,Nodier
1752,Aristippus_the_Younger
1753,Roger_Masters
1754,Ronna_Burger
1755,David_Novak
1756,Paul_Cantor
1757,Paul_Wolfowitz
1758,Perry_Anderson
1759,Peter_Berkowitz
1760,Richard_Velkley
1761,Robert_Goldwin
1762,Charles_Butterworth_(philosopher)
1763,George_Anastaplo
1764,Walter_Berns
1765,Seth_Benardete
1766,Clarence_Thomas
1767,Edward_C._Banfield
1768,Gan_Yang
1769,George_Grant_(philosopher)
1770,Arnaldo_Momigliano
1771,Stanley_Rosen
1772,Steven_B._Smith_(professor)
1773,Clifford_Orwin
1774,Yuval_Levin
1775,Hadley_Arkes
1776,Joshua_Parens
1777,Shlomo_Pines
1778,Michael_Peter_Davis
1779,Murray_Dry
1780,William_Galston
1781,Laurence_Lampert
1782,Abram_Shulsky
1783,Allan_Bloom
1784,Ed_Husain
1785,Ernest_Fortin
1786,Francis_Fukuyama
1787,Hans_Blumenberg
1788,Joseph_Cropsey
1789,Paul_R._Mendes-Flohr
1790,Ralph_Lerner_(philosopher)
1791,Hans_Speier
1792,Harry_V._Jaffa
1793,Hilail_Gildin
1794,Irving_Kristol
1795,J._G._A._Pocock
1796,James_Reist_Stoner_Jr.
1797,Larry_Arnhart
1798,Susan_Shell
1799,Herbert_Storing
1800,Thomas_G._West
1801,Pierre_Hassner
1802,Pierre_Manent
1803,Pope_Benedict_XVI
1804,Claes_G._Ryn
1805,Kurt_Riezler
1806,Michael_Zuckert
1807,Catherine_Zuckert
1808,Sheldon_Wolin
1809,Muhsin_Mahdi
1810,Richard_McKeon
1811,Eva_Brann
1812,Eve_Adler
1813,Paul_Franco
1814,Ralph_C._Hancock
1815,Shadia_Drury
1816,Thomas_Pangle
1817,Richard_Kennington
1818,Remi_Brague
1819,Harvey_C._Mansfield
1820,Robert_Pippin
1821,Aryeh_Motzkin
1822,Nathan_Tarcov
1823,Werner_Dannhauser
1824,Leon_Petrażycki
1825,Michał_Weinzieher
1826,Adam_Podgórecki
1827,Georges_Gurvitch
1828,Pitirim_Sorokin
1829,Nicholas_Timasheff
1830,Leszek_Kołakowski
1831,Roger_Kimball
1832,José_Guilherme_Merquior
1833,Solidarność
1834,Vladimir_Lossky
1835,A._D._Lublinskaya
1836,Lev_Shestov
1837,D._H._Lawrence
1838,Lionel_Snell
1839,Chaos_magic
1840,Ljubodrag_Simonović
1841,Ivan_Ergić
1842,Radovan_Nastić
1843,Lorenz_Bruno_Puntel
1844,Alan_White_(American_philosopher)
1845,Charles_Larmore
1846,Louis_Arnaud_Reid
1847,Lionel_Trilling
1848,Susanne_Langer
1849,Louis_Blanc
1850,Joseph_Déjacque
1851,George_Holyoake
1852,Slavoj_Zizek
1853,Mikhail_Bakunin
1854,Alfredo_Bosi
1855,Renaud_Barbaras
1856,Walter_J._Ong
1857,Jean_Guitton
1858,Antonin-Gilbert_Sertillanges
1859,Nikolai_Berdiaev
1860,Léon_Duguit
1861,Honoré_de_Balzac
1862,François-René_de_Chateaubriand
1863,Gioacchino_Ventura_di_Raulica
1864,Émile_Durkheim
1865,Félicité_de_La_Mennais
1866,Pierre_Guillaume_Frédéric_le_Play
1867,René_de_La_Tour_du_Pin
1868,Luce_Irigaray
1869,Elizabeth_Grosz
1870,Catherine_Malabou
1871,Tina_Beattie
1872,Lucilio_Vanini
1873,Charles_Blount_(deist)
1874,Virgil
1875,Montaigne
1876,Stephen_Greenblatt
1877,Ovid
1878,Leopardi
1879,Richard_Wagner
1880,Bruno_Bauer
1881,Nikolay_Chernyshevsky
1882,Quentin_Skinner
1883,Robert_Morris_(artist)
1884,Eleanor_Rosch
1885,List_of_Wittgensteinian_philosophers
1886,Stephen_Mulhall
1887,David_Bloor
1888,Alice_Ambrose
1889,Jon_Fosse
1890,Jonathan_Lear
1891,Joseph_Kosuth
1892,Paul_Engelmann
1893,David_Rodowick
1894,Postanalytic_philosophy
1895,Rahel_Jaeggi
1896,Cora_Diamond
1897,Anat_Biletzki
1898,Mel_Bochner
1899,Rupert_Read
1900,Rush_Rhees
1901,Quill_Kukla
1902,Elaine_Scarry
1903,Cressida_Heyes
1904,Thomas_Pynchon
1905,Nancy_Bauer_(philosopher)
1906,Simon_Glendinning
1907,Steve_Reich
1908,Friedrich_Waismann
1909,Kristóf_Nyíri
1910,Maurice_O'Connor_Drury
1911,Bruce_Nauman
1912,Timothy_Gowers
1913,Wilfrid_Sellars
1914,Jane_Taylor_(writer)
1915,John_Divola
1916,Albrecht_Wellmer
1917,Alice_Crary
1918,Eduardo_Paolozzi
1919,Norman_Malcolm
1920,Gordon_Park_Baker
1921,Hans-Johann_Glock
1922,John_Wisdom
1923,Warren_Goldfarb
1924,Richard_Moran_(philosopher)
1925,Gwen_Harwood
1926,H._L._A._Hart
1927,Hanna_Fenichel_Pitkin
1928,Hans_Sluga
1929,James_F._Conant
1930,James_Tully_(philosopher)
1931,Jasper_Johns
1932,Jean-François_Lyotard
1933,Talal_Asad
1934,Arthur_Danto
1935,Adrian_William_Moore
1936,John_Cage
1937,Stephen_Toulmin
1938,Morris_Weitz
1939,Peter_Winch
1940,Avishai_Margalit
1941,Marjorie_Perloff
1942,Pierre_Klossowski
1943,Ian_Hacking
1944,Kojin_Karatani
1945,Michel_de_Certeau
1946,Oets_Kolk_Bouwsma
1947,Casimir_Lewy
1948,Ray_Monk
1949,Paul_Horwich
1950,Veena_Das
1951,Gilles-Gaston_Granger
1952,Naomi_Scheman
1953,W._J._T._Mitchell
1954,Toril_Moi
1955,Korzybski
1956,Luigi_Taparelli
1957,Giuseppe_Toniolo
1958,Oswald_von_Nell-Breuning
1959,Matteo_Liberatore
1960,Matthias_Joseph_Scheeben
1961,Pope_Leo_XIII
1962,Luis_de_Molina
1963,Léon_de_Poncins
1964,Barry_Domvile
1965,Miguel_Serrano
1966,Onésimo_Redondo
1967,The_Britons
1968,M._Hiriyanna
1969,Mahmood_Anjir-Faghnawi
1970,Ali_Ramitani
1971,Mahmoud_Mehrmohammadi
1972,Elliot_Eisner
1973,Joseph_Schwab
1974,Thomas_Aquinas
1975,Catholic_theology
1976,Jewish_philosophy
1977,Gottfried_Leibniz
1978,Michael_Friedländer
1979,Maine_de_Biran
1980,Émile_Boutroux
1981,Pierre_Janet
1982,Michel_Henry
1983,Sibawayh
1984,Abu_Turab_al-Zahiri
1985,Niftawayh
1986,Barbara_Branden
1987,Michael_A._Smith
1988,Vincenzo_Di_Nicola
1989,Alexis_Tsipras
1990,Duane_Rousselle
1991,Jodi_Dean
1992,Mark_Fisher_(theorist)
1993,Michael_Brooks_(political_commentator)
1994,Yanis_Varoufakis
1995,Srecko_Horvat
1996,Andrzej_Walicki
1997,Czesław_Miłosz
1998,Ross_McElwee
1999,Robert_H._Gardner
2000,Claude_Esteban
2001,Marc_Shell
2002,Barbara_Herman
2003,Michael_Fried
2004,Paul_W._Franks
2005,Shoshana_Felman
2006,Paul_Guyer
2007,Hent_de_Vries
2008,Terrence_Malick
2009,Arnaud_Desplechin
2010,Charles_Bernstein_(poet)
2011,Jay_Cantor
2012,Rae_Langton
2013,Vicki_Hearne
2014,Stephen_Batchelor_(author)
2015,John_Vervaeke
2016,Stephen_Stich
2017,Ron_Mallon
2018,Shaun_Nichols
2019,Steven_Marcus
2020,Stilpo
2021,Menedemus
2022,Zeno_of_Citium
2023,Asclepiades_of_Phlius
2024,Nicarete_of_Megara
2025,Pierre_Bayle
2026,Demetrios_Kydones
2027,Prochoros_Kydones
2028,Zaki_al-Arsuzi
2029,Michel_Aflaq
2030,Zechariah_Chafee
2031,Oliver_Wendell_Holmes_Jr.
2032,Zeno_of_Sidon
2033,Zhou_Dunyi
2034,Cheng_Hao
2035,Joseph_Needham
2036,Wang_Fuzhi
2037,Tu_Wei-ming
2038,Toegye
2039,Qian_Mu
2040,Zen
2041,Alan_Watts
2042,Aleister_Crowley
2043,Daoism
2044,Karen_L._Carr
2045,Heidegger
2046,East_Asian_philosophy
2047,Peter_Beilharz
2048,Édouard_Glissant
2049,Barbara_Cassin
2050,La_Revista_Blanca
2051,Iniciales
2052,Émile_Chartier
2053,André_Maurois
2054,Alain_de_Botton
2055,Jean_Mistler
2056,Émile_Meyerson
2057,Éric_Geoffroy
2058,Ahmed_Bouyerdene
2059,Étienne_Balibar
2060,Jacques_Rancière
2061,Rothbard
2062,Andrés_Bello
2063,Helvétius_(philosopher)
2064,Lavoisier
2065,Paul_Weiss_(philosopher)
2066,John_F._X._Knasas
2067,Norman_Geisler
2068,Henry_Corbin
2069,Jacques_Maritain
2070,Dorothy_Day
2071,Second_Vatican_Council
2072,Étienne_Souriau
2073,Étienne_de_La_Boétie
2074,Vaneigem
2075,Gene_Sharp
2076,Thoreau
2077,Cyrano_de_Bergerac
2078,John_Holloway_(sociologist)
2079,Monarchomachs
2080,Fazal_Ali_Qureshi
2081,Khwaja_Abdul_Ghaffar_Naqshbandi
2082,Asif_Hussain_Farooqui
2083,Hadhrat_Mawlana_Ali_Murtaza_Naqhbandi
2084,Fujiwara_Seika
2085,Hayashi_Razan
2086,Ibn_Barrajan
2087,Ibn_Arabi
2088,Ibn_Mada'
2089,Abu_Hayyan_Al_Gharnati
2090,Ibn_Sab'in
2091,Abu_al-Hasan_al-Shushtari
2092,Ramon_Llull
2093,Afif_al-Din_Sulayman_al_Tilimsani
2094,Al-Kashani_al-Fargani
2095,Badr_al-Din_Hasan_Ibn_Hud
2096,Plutarch_of_Athens
2097,Neoplatonist
2098,Mark_Bevir
2099,Aletta_Norval
2100,Alan_Finlayson
2101,R._A._W._Rhodes
2102,August_Leskien
2103,Adolf_Noreen
2104,Nikolai_Trubetzkoy
2105,Karl_Verner
2106,Jan_Niecisław_Baudouin_de_Courtenay
2107,Johannes_Schmidt_(linguist)
2108,Edward_Spencer_Beesly
2109,Frederic_Harrison
2110,George_Henry_Lewes
2111,Mustafa_Kemal_Atatürk
2112,Harriet_Martineau
2113,Herbert_Spencer
2114,Eugen_Dühring
2115,Pierre_Laffitte
2116,Émile_Littré
2117,Averroes
2118,Siger_of_Brabant
2119,Marcantonio_Zimara
2120,Agostino_Nifo
2121,John_of_Jandun
2122,Samuel_ibn_Tibbon
2123,Averroism
2124,Marsilius_of_Padua
2125,Al-Bitruji
2126,Boethius_of_Dacia
2127,Nancy_Fraser
2128,Thomas_A._McCarthy
2129,Rainer_Forst
2130,Park_Gyusu
2131,Park_Jega
2132,Yi_Deokmu
2133,Yu_Deukgong
2134,Baltasar_Gracián
2135,Bruno_Bauch
2136,Arthur_Drews
2137,Bruno_Leoni
2138,Mencius_Moldbug
2139,Luigi_Firpo
2140,Israel_Kirzner
2141,Burton_Dreben
2142,C._D._Broad
2143,C._I._Lewis
2144,Robert_Paul_Wolff
2145,Cheryl_Misak
2146,W._K._Frankena
2147,William_Van_Orman_Quine
2148,Cesare_Beccaria
2149,Catherine_the_Great
2150,John_Adams
2151,1st_Baron_Auckland
2152,Agrippa_the_Skeptic
2153,Tom_Beauchamp
2154,Robert_Audi
2155,Jonathan_Boyarin
2156,David_Nirenberg
2157,Susan_Sontag
2158,Michael_Löwy
2159,Michael_Taussig
2160,Catherine_Perret
2161,Walter_Kaufmann_(philosopher)
2162,Alexander_Nehamas
2163,Ivan_Soll
2164,Richard_Schacht
2165,Walter_of_Bruges
2166,Matthew_of_Aquasparta
2167,Henry_of_Ghent
2168,Peter_Olivi
2169,Wiebe_Bijker
2170,Sally_Wyatt
2171,Wilfred_Stein
2172,Lewis_Wolpert
2173,Eric_Barnard
2174,Michael_M._Gottesman
2175,Antonio_Tito_Fojo
2176,Hagai_Ginsburg
2177,Igor_Roninson
2178,Michael_Lanzer
2179,Steven_Karlish
2180,Suresh_Ambudkar
2181,Susan_Bates
2182,Thomas_Litman
2183,Thomas_Zeuthen
2184,Wilfred_Talbot_Smith
2185,John_Whiteside_Parsons
2186,Ruth_Millikan
2187,Annette_Baier
2188,Jay_Rosenberg
2189,Franz_Boas
2190,Karl_Jaspers
2191,Wilhelm_Windelband
2192,Ernst_Troeltsch
2193,Heinrich_Rickert
2194,Joxe_Azurmendi
2195,Alexander_Potebnja
2196,Valentin_Voloshinov
2197,Roger_Gibson
2198,Penelope_Maddy
2199,Peter_van_Inwagen
2200,Dagfinn_Føllesdal
2201,Hao_Wang_(academic)
2202,Gilbert_Harman
2203,William_A._Earle
2204,Peter_Suber
2205,A._G._Rud
2206,William_Chittick
2207,Mohammed_Rustom
2208,William_E._Blackstone
2209,Robert_Owen
2210,Thomas_Hodgskin
2211,William_Thompson_(philosopher)
2212,Wordsworth
2213,P._B._Shelley
2214,William_Henry_Chamberlin_(philosopher)
2215,E._E._Ericksen
2216,Robert_Frost
2217,Edwin_Holt
2218,Gertrude_Stein
2219,Antonio_Damasio
2220,W._E._B._Du_Bois
2221,William_Herbert_Sheldon
2222,Alfred_Schütz
2223,F._C._S._Schiller
2224,Jimmy_Carter
2225,Marilynne_Robinson
2226,Paul_Draper_(philosopher)
2227,William_Petty
2228,Keynes
2229,Bernard_de_Mandeville
2230,Marx
2231,William_Wollaston
2232,Samuel_Johnson
2233,John_Conybeare
2234,John_Clarke_(Dean_of_Salisbury)
2235,William_of_Champeaux
2236,Adam_de_Wodeham
2237,Gabriel_Biel
2238,Gregory_of_Rimini
2239,Jean_Buridan
2240,Albert_of_Saxony_(philosopher)
2241,Wincenty_Lutosławski
2242,Jerzy_Grotowski
2243,Gabriel_Wagner
2244,Leibniz
2245,Giorgio_Del_Vecchio
2246,Norberto_Bobbio
2247,Giovanni_Botero
2248,Thomas_Mun
2249,H._A._Prichard
2250,John_Rawls
2251,H._H._Price
2252,Arai_Hakuseki
2253,Hayashi_Gahō
2254,Hazrat_Babajan
2255,Isaac_Levi
2256,Scott_J._Shapiro
2257,Teddy_Seidenfeld
2258,Joachim_Ritter
2259,Böckenförde
2260,Hermann_Lübbe
2261,Spaemann
2262,Odo_Marquard
2263,Imdahl
2264,Joachim_of_Fiore
2265,Protestantism
2266,Cult_of_the_Holy_Spirit
2267,Dulcinians
2268,Fraticelli
2269,Amalrician
2270,Brethren_of_the_Free_Spirit
2271,Dante
2272,Cieszkowski
2273,Julian_Ochorowicz
2274,Bolesław_Prus
2275,Reymont
2276,Konopnicka
2277,Justus_Lipsius
2278,Andrzej_Maksymilian_Fredro
2279,Adam_Contzen
2280,Nicolaus_Vernulaeus
2281,Caspar_Schoppe
2282,Poussin
2283,Karsten_Harries
2284,Karl_Ameriks
2285,Nikolay_Lossky
2286,A._D._Gordon
2287,Rachel_Bluwstein
2288,Ted_Honderich
2289,Mihailo_Marković
2290,R._M._Hare
2291,Peter_Strawson
2292,Abd_al-Hussein_al-Hilli
2293,Ahmed_Al-Waeli
2294,Abd_al-Rahman_al-Kawakibi
2295,Gamal_Abdul_Nasser
2296,Abu_Abd_al-Rahman_Ibn_Aqil_al-Zahiri
2297,Abdul_Aziz_al-Harbi
2298,Abu_Hatim_Ahmad_ibn_Hamdan_al-Razi
2299,Hamid_al-Din_al-Kirmani
2300,Abu_Zayd_al-Balkhi
2301,Ibn_Hawqal
2302,Joseph_Wolpe
2303,Avicenna
2304,Al-Muqaddasi
2305,Al-Istakhri
2306,Muhammad_ibn_Zakarīya_Rāzi
2307,Adam_Karl_August_von_Eschenmayer
2308,David_Ricardo
2309,Hugo_Kołłątaj
2310,Paul_Krugman
2311,Emmanuel_Joseph_Sieyès
2312,Frédéric_Bastiat
2313,Thomas_Robert_Malthus
2314,Ludwig_Von_Mises
2315,Friedrich_von_Hayek
2316,Ayn_Rand
2317,Jean-Baptiste_Say
2318,Jean_Charles_Léonard_de_Sismondi
2319,John_Forbes_Nash_Jr.
2320,Milton_Friedman
2321,Adamantios_Korais
2322,Eleftherios_Venizelos
2323,Adelard_of_Bath
2324,Robert_Grosseteste
2325,Isaac_of_Stella
2326,William_of_Conches
2327,Afrikan_Spir
2328,Gerardus_Heymans
2329,Hans_Vaihinger
2330,Piero_Martinetti
2331,Agustín_García_Calvo
2332,C.G._Jung
2333,Rainer_Maria_Rilke
2334,Ahamed_Muhyudheen_Noorishah_Jeelani
2335,Sufism
2336,Islamic_philosophy
2337,Sheikh
2338,Akeel_Bilgrami
2339,Al-Farabi
2340,Yahya_ibn_Adi
2341,Shahab_al-Din_Suhrawardi
2342,Abu_Sulayman_Sijistani
2343,Abu_al-Hassan_al-Amiri
2344,Mulla_Sadra
2345,Al-Tawhidi
2346,Ibn_Bajjah
2347,Al-Jahiz
2348,Ibn_Maḍāʾ
2349,Ibn_Miskawayh
2350,Ibn_Tufayl
2351,Al-Kindi
2352,Miskawayh
2353,Ahmad_ibn_al-Tayyib_al-Sarakhsi
2354,Abu_Ma'shar_al-Balkhi
2355,Isaac_Israeli_ben_Solomon
2356,Ibn_al-Haytham
2357,Marco_Tarchi
2358,Alan_Code
2359,Chris_Bobonich
2360,Gary_Snyder
2361,Monica_Furlong
2362,Aldous_Huxley
2363,Allen_Ginsberg
2364,Chungliang_Al_Huang
2365,Christian_Smith_(sociologist)
2366,Edward_Feser
2367,Postliberal_theology
2368,Radical_orthodoxy
2369,Alberto_Edwards
2370,Hugo_Herrera_(Chilean_philosopher)
2371,Gonzalo_Vial_Correa
2372,Francisco_Antonio_Encina
2373,Alejandro_Korn
2374,Juan_José_Arévalo
2375,Francisco_Romero_(philosopher)
2376,Pedro_Henríquez_Ureña
2377,Risieri_Frondizi
2378,Luis_Aznar
2379,Ángel_Vasallo
2380,Richard_B._Spencer
2381,Steve_Bannon
2382,Eduard_Limonov
2383,Johann_Georg_Sulzer
2384,Johann_Joachim_Winckelmann
2385,Joseph_Stalin
2386,Leon_Trotsky
2387,Frankfurt_School
2388,Fidel_Castro
2389,Mao_Zedong
2390,Kropotkin
2391,Alexander_Pruss
2392,Robert_Koons
2393,André_Breton
2394,Raymond_Queneau
2395,Abdel_Rahman_Badawi
2396,Alexandre_Matheron
2397,William_J._Rapaport
2398,Edward_N._Zalta
2399,Panayot_Butchvarov
2400,Terence_Parsons
2401,Ernst_Mally
2402,Héctor-Neri_Castañeda
2403,Richard_Hönigswald
2404,Alfred_Korzybski
2405,Robert_A._Heinlein
2406,S._I._Hayakawa
2407,William_S._Burroughs
2408,A._E._van_Vogt
2409,David_Bohm
2410,W._V._O._Quine
2411,John_Lighton_Synge
2412,Ervin_László
2413,Wilfred_Eade_Agar
2414,James_Luther_Adams
2415,Conrad_Hal_Waddington
2416,Ilya_Prigogine
2417,Michel_Weber
2418,Milič_Čapek
2419,Sewall_Wright
2420,F._S._C._Northrop
2421,Ali_ibn_Sahl_Rabban_al-Tabari
2422,Muhammad_ibn_Zakariya_al-Razi
2423,Amia_Srinivasan
2424,Robert_Frodeman
2425,Robin_Collins
2426,Trenton_Merricks
2427,Dallas_Willard
2428,J._P._Moreland
2429,John_Frame_(theologian)
2430,Michael_Horton_(theologian)
2431,Amina_Wadud
2432,Asra_Nomani
2433,Ammonius_Hermiae
2434,John_Philoponus
2435,Asclepius_of_Tralles
2436,Olympiodorus_of_Thebes
2437,Simplicius_of_Cilicia
2438,Heinrich_Zimmer
2439,Anania_Shirakatsi
2440,Hovhannes_Imastaser
2441,Grigor_Magistros
2442,Anaxagoras
2443,Archelaus_(philosopher)
2444,Socrates
2445,Anaximander
2446,Anaximenes_of_Miletus
2447,Greek_astronomy
2448,Anders_Chydenius
2449,Johan_Norberg
2450,Liberalism_in_Sweden
2451,Al-Ma'arri
2452,Turan_Dursun
2453,Taha_Hussein
2454,Al-Mutanabbi
2455,Huzaifa_Shabbir_bhai_Unjhawala
2456,Al-Sijzi
2457,Al-Biruni
2458,Curt_John_Ducasse
2459,Damaris_Cudworth_Masham
2460,Dan_W._Brock
2461,Allen_Buchanan
2462,Dan_Wikler
2463,Robert_Truog
2464,Geoffrey_Miller_(psychologist)
2465,Douglas_Hofstadter
2466,Duncan_Kennedy_(legal_philosopher)
2467,Gary_Peller
2468,Louis_Michael_Seidman
2469,Dermot_Moran
2470,Adolf_Reinach
2471,Erich_Przywara
2472,Emerita_S._Quito
2473,Hedwig_Conrad-Martius
2474,Karol_Wojtyla
2475,Roman_Ingarden
2476,Anselm_Min
2477,Gerda_Walther
2478,Barry_Smith_(ontologist)
2479,Ludwig_von_Mises
2480,Helmuth_Plessner
2481,Dan_Zahavi
2482,Eugen_Fink
2483,Hans_Köchler
2484,Hermann_Weyl
2485,Jan_Patočka
2486,Shaun_Gallagher
2487,Marvin_Farber
2488,Ludwig_Landgrebe
2489,Eduard_von_Hartmann
2490,Agnes_Taubert
2491,Robert_P._George
2492,Ellis_Sandoz
2493,William_Havard
2494,Flannery_O'Connor
2495,Martin_Palouš
2496,Frederick_G._Lawrence
2497,Robert_B._Heilman
2498,Paulo_Freire
2499,Chögyam_Trungpa
2500,Elias_Porter
2501,Martin_Luther_King_Jr.
2502,Joseph_Ratzinger
2503,Ernest_Gellner
2504,Benedict_Anderson
2505,Anthony_D._Smith
2506,Sinisa_Malesevic
2507,John_A._Hall
2508,Michael_Mann_(sociologist)
2509,Ernest_Renan
2510,Brie_Gertler
2511,John_Greco_(philosopher)
2512,Ernst_Bloch
2513,Ernesto_Balducci
2514,Jürgen_Moltmann
2515,Wilbur_Marshall_Urban
2516,Eric_Weil
2517,Eugenio_Bulygin
2518,Carlos_Santiago_Nino
2519,Eugénio_Tavares
2520,João_de_Deus_de_Nogueira_Ramos
2521,Luís_Camões
2522,Evald_Ilyenkov
2523,Vasily_Davydov
2524,Evandro_Agazzi
2525,Carlo_Penco
2526,Geoffrey_Reginald_Gilchrist_Mure
2527,C._A._Campbell
2528,James_Ward_(psychologist)
2529,T._S._Eliot
2530,Robin_George_Collingwood
2531,Harold_Henry_Joachim
2532,Lucian
2533,Aulus_Gellius
2534,Hadrian
2535,Herodes_Atticus
2536,Cornelius_Fronto
2537,Fazlur_Rahman_Malik
2538,Nurcholish_Madjid
2539,Mohamed_Talbi
2540,Ebrahim_Moosa
2541,Abdullah_Saeed_(professor)
2542,Abdullahi_Ahmed_An-Na'im
2543,John_Rupert_Firth
2544,Edward_Schillebeeckx
2545,William_Labov
2546,Jan_Mukařovský
2547,Prague_school
2548,Sebastian_Shaumyan
2549,Louis_Hjelmslev
2550,Roy_Harris_(linguist)
2551,Pieter_Seuren
2552,Fernando_González_(writer)
2553,Gonzalo_Arango
2554,Estanislao_Zuleta
2555,Francis_Hutcheson_(philosopher)
2556,Joseph_Butler
2557,Gonzalo_Vial
2558,Francisco_Sanches
2559,Modern_Philosophy
2560,Francisco_Suárez
2561,Descartes
2562,Matthew_Hale_(jurist)
2563,Gustavo_Bueno
2564,Plínio_Salgado
2565,Christian_von_Wolff
2566,Francisco_de_Vitoria
2567,Domingo_de_Soto
2568,Navarrus
2569,Franciscus_Patricius
2570,Rene_Descartes
2571,Tommaso_Campanella
2572,Henry_More
2573,Franciscus_van_den_Enden
2574,John_A._Leslie
2575,Michele_Marsonet
2576,Galileo_Galilei
2577,Ludwig_von_Bertalanffy
2578,Nicolaus_Copernicus
2579,Harry_Mulisch
2580,G._W._Leibniz
2581,Pico_della_Mirandola
2582,Jason_Jorjani
2583,Kode9
2584,Negarestani
2585,Jitendra_Nath_Mohanty
2586,Augusto_Del_Noce
2587,Jacob_Bernoulli
2588,Louis_Gabriel_Ambroise_de_Bonald
2589,J.-J._Rousseau
2590,Martin_Mosebach
2591,Botho_Strauss
2592,Heiner_Müller
2593,Robert_Spaemann
2594,Asfa-Wossen_Asserate
2595,Nicos_Poulantzas
2596,Bob_Jessop
2597,Davor_Džalto
2598,Peter_Maurin
2599,Ivan_Devčić
2600,Richard_Kroner
2601,G._H._Marcel
2602,Nikolai_Fyodorovich_Fyodorov
2603,Vladimir_Vernadsky
2604,Transhumanism
2605,Konstantin_Tsiolkovsky
2606,Nikolai_Stankevich
2607,Vissarion_Belinsky
2608,Timofey_Granovsky
2609,Pyotr_Lavrov
2610,Pyotr_Tkachev
2611,Maxim_Antonovich
2612,Nikolay_Dobrolyubov
2613,Nikolay_Mikhaylovsky
2614,Svetozar_Marković
2615,Sergey_Nechayev
2616,Georgii_Plekhanov
2617,Norbert_Elias
2618,Stephen_Mennell
2619,Eric_Dunning
2620,Hermann_Korte
2621,Luiz_Carlos_Bresser-Pereira
2622,Celso_Lafer
2623,Tercio_Sampaio_Ferraz_Jr.
2624,Derwin_Gray_(defensive_back)
2625,Hugh_Ross_(astrophysicist)
2626,Frank_Turek
2627,Andy_Stanley
2628,Tony_Evans_(pastor)
2629,J._Warner_Wallace
2630,Jay_Richards
2631,Ravi_Zacharias
2632,Sydney_Shoemaker
2633,Norman_O._Brown
2634,Dale_Pendell
2635,Norwood_Russell_Hanson
2636,Oswald_Spengler
2637,Carlos_Keller
2638,Paul_Nitze
2639,Robert_Jay_Mathews
2640,George_F._Kennan
2641,Malcolm_X
2642,Oswald_Mosley
2643,H._P._Lovecraft
2644,Henry_Kissinger
2645,Arnold_J._Toynbee
2646,Karl_Haushofer
2647,Othmar_Spann
2648,Friedrich_August_von_Hayek
2649,Gottfried_Haberler
2650,Oskar_Morgenstern
2651,Herman_Dooyeweerd
2652,Otto_Neurath
2653,Berlin_Circle
2654,John_O'Neill_(philosopher)
2655,W.V.O._Quine
2656,Otto_Weininger
2657,Strindberg
2658,Arthur_Trebitsch
2659,Wittgenstein
2660,J._A._A._Joyce
2661,Joshua_Knobe
2662,Arda_Denkel
2663,Martin_Hollis_(philosopher)
2664,Ramchandra_Gandhi
2665,Thomas_Muffet
2666,Adam_Haslmayr
2667,Gabriel_François_Venel
2668,Franciscus_Sylvius
2669,Jan_Baptist_van_Helmont
2670,Jane_Bennett_(political_theorist)
2671,Sir_Thomas_Browne
2672,Parmenides
2673,Melissus_of_Samos
2674,Zeno_of_Elea
2675,Diotima_of_Mantinea
2676,Gordon_Clark
2677,Ronald_H._Nash
2678,Edward_John_Carnell
2679,Robert_L._Reymond
2680,John_Gerstner
2681,Carl_F.H._Henry
2682,Gottlob_Ernst_Schulze
2683,Leon_Kass
2684,John_Crowley_(author)
2685,Hava_Tirosh-Samuelson
2686,Michael_Hauskeller
2687,Gersonides
2688,Michael_Psellos
2689,Al-Hakim_bi-Amr_Allah
2690,Photios_I_of_Constantinople
2691,Francisco_Elías_de_Tejada
2692,Kaniyan_Pungundranar
2693,Ken_Gemes
2694,Stephen_Yablo
2695,Kocc_Barma_Fall
2696,Ousmane_Sembene
2697,Senegambia
2698,William_Cleghorn
2699,Stephen_Darwall
2700,Marcia_Baron
2701,Allen_W._Wood
2702,Ted_Cohen_(philosopher)
2703,Pir_Fazal_Ali_Qureshi
2704,Posidonius
2705,Livy
2706,Strabo
2707,Cleomedes
2708,Jason_of_Nysa
2709,Diodorus_Siculus
2710,Proclus
2711,Pseudo-Dionysius
2712,R.J._Rushdoony
2713,Pierre_d'Ailly
2714,Pope_Alexander_V
2715,Henry_of_Langenstein
2716,Hugolino_of_Orvieto
2717,Marsilius_of_Inghen
2718,James_of_Eltville
2719,Pierre_Ceffons
2720,Gustav_Teichmüller
2721,György_Lukács
2722,Sandra_Harding
2723,Richard_D._Wolff
2724,Moishe_Postone
2725,Andrew_Feenberg
2726,Budapest_School_(Lukács)
2727,Karel_Kosík
2728,Karl_Polanyi
2729,Tom_Rockmore
2730,The_Frankfurt_School
2731,The_Praxis_School
2732,György_Márkus
2733,Ágnes_Heller
2734,Hamka
2735,Muhammadiyah
2736,Han_Fei
2737,Cao_Cao
2738,Qin_Shi_Huang
2739,Emperor_Wen_of_Han
2740,Emperor_Wen_of_Sui
2741,Emperor_Wu_of_Han
2742,Li_Shanchang
2743,Zhang_Juzheng
2744,Zhuge_Liang
2745,Xi_Jinping
2746,Yongzheng_Emperor
2747,Han_Ryner
2748,Maria_Lacerda_de_Moura
2749,Dennis_J._Schmidt
2750,Reinhart_Koselleck
2751,Hans_Robert_Jauss
2752,Babette_Babich
2753,Dieter_Henrich
2754,Wolfgang_Drechsler
2755,Hans_Kamp
2756,Gábor_Alberti
2757,Nicholas_Asher
2758,Hans_Kelsen
2759,Hans_Lipps
2760,Knud_Ejler_Løgstrup
2761,Hans_Reichenbach
2762,İoanna_Kuçuradi
2763,Takiyettin_Mengüşoğlu
2764,Hilmi_Ziya_Ülken
2765,George_Kelly_(psychologist)
2766,Alfred_Adler
2767,Harald_Høffding
2768,Niels_Bohr
2769,Harold_H._Joachim
2770,Errol_Harris
2771,Michael_Oakeshott
2772,Harry_Frankfurt
2773,J._David_Velleman
2774,John_Martin_Fischer
2775,Susan_Wolf
2776,Pamela_Hieronymi
2777,Heinrich_Blücher
2778,George_Vernadsky
2779,Helena_Blavatsky
2780,Mohandas_Gandhi
2781,Guido_von_List
2782,Helena_Roerich
2783,Richard_Rudzitis
2784,Lyudmila_Zhivkova
2785,Ivan_Yefremov
2786,Yuli_Vorontsov
2787,A._P._Okladnikov
2788,A._L._Janshin
2789,Nurettin_Topçu
2790,Vladimir_Nabokov
2791,Thomas_Mann
2792,Nikos_Kazantzakis
2793,T.S._Eliot
2794,Marcel_Proust
2795,Necip_Fazıl_Kısakürek
2796,Wyndham_Lewis
2797,Émile_Bréhier
2798,Édouard_Le_Roy
2799,Henri_Lefebvre
2800,Edward_Soja
2801,Mark_Poster
2802,Neil_Smith_(geographer)
2803,Situationist_International
2804,Prosper_Enfantin
2805,Thorstein_Veblen
2806,Lorenz_von_Stein
2807,Michel_Chevalier
2808,Péreire_brothers
2809,Pierre_Leroux
2810,Temenos_Academy
2811,Henry_David_Thoreau
2812,John_Muir
2813,Jonas_Mekas
2814,Upton_Sinclair
2815,George_Bernard_Shaw
2816,Sinclair_Lewis
2817,W._B._Yeats
2818,Walt_Whitman
2819,E._B._White
2820,E._O._Wilson
2821,Ernest_Hemingway
2822,John_F._Kennedy
2823,Christopher_McCandless
2824,Scott_Nearing
2825,Bill_Moyers
2826,Joseph_Stiglitz
2827,José_Martí
2828,Paul_Douglas
2829,Peter_Barnes_(entrepreneur)
2830,Christopher_Lasch
2831,Frank_Chodorov
2832,Franz_Oppenheimer
2833,Gary_Becker
2834,George_W._Norris
2835,Grant_Allen
2836,Theodore_Roosevelt
2837,Lizzie_Magie
2838,Lloyd_George
2839,Helen_Keller
2840,Arthur_Brisbane
2841,Jiang_Kanghu
2842,Sun_Yat-sen
2843,H._Spencer
2844,F.D.R.
2845,Henry_Sidgwick
2846,Mordecai_Kaplan
2847,Alfred_Marshall
2848,Hastings_Rashdall
2849,J._J._C._Smart
2850,Arthur_Cecil_Pigou
2851,Heraclitus
2852,Hippocrates
2853,Hippolytus_of_Rome
2854,Justin_Martyr
2855,Marcus_Aurelius
2856,G.W.F._Hegel
2857,Howard_S._Becker
2858,Anselm_Strauss
2859,Erving_Goffman
2860,Tamotsu_Shibutani
2861,Angela_Davis
2862,Abbie_Hoffman
2863,George_Katsiaficas
2864,Douglas_Kellner
2865,Herbert_McCabe
2866,Terry_Eagleton
2867,C._R._Darwin
2868,Vinayak_Damodar_Savarkar
2869,Edvard_Westermarck
2870,George_Eliot
2871,Gopal_Ganesh_Agarkar
2872,Muhammad_Abduh
2873,Thomas_Hardy
2874,Machado_de_Assis
2875,Bal_Gangadhar_Tilak
2876,Tokutomi_Sohō
2877,William_Graham_Sumner
2878,Nietzsche
2879,Gustave_Le_Bon
2880,Henry_Hazlitt
2881,Jack_London
2882,Arnold_Bennett
2883,Auberon_Herbert
2884,Abraham_Cahan
2885,R._Austin_Freeman
2886,Yan_Fu
2887,Nozick
2888,Bergson
2889,Henry_E._Allison
2890,Hermann_Lotze
2891,Borden_Parker_Bowne
2892,Georg_Elias_Müller
2893,George_Trumbull_Ladd
2894,Thomas_Hill_Green
2895,Hermann_Helmholtz
2896,Hermann_Ulrici
2897,Andrew_Seth_Pringle-Pattison
2898,Hillel_Zeitlin
2899,Abraham_Joshua_Heschel
2900,Hirata_Atsutane
2901,Hayashi_Ōen
2902,Hiroki_Azuma
2903,Tamaki_Saitō
2904,Hisham_ibn_Urwah
2905,Malik_ibn_Anas
2906,Ion_Dragoumis
2907,Pavlos_Melas
2908,Georgios_Grivas
2909,Andreas_Papandreou
2910,Angelos_Sikelianos
2911,Renos_Apostolidis
2912,Dimitris_Pikionis
2913,Penelope_Delta
2914,Kostis_Palamas
2915,Odysseas_Elytis
2916,Iris_Marion_Young
2917,Seyla_Benhabib
2918,Elizabeth_Anscombe
2919,John_Gray_(philosopher)
2920,Michael_Ignatieff
2921,István_Mészáros_(philosopher)
2922,Cliff_Slaughter
2923,Ivan_Illich
2924,Lee_Felsenstein
2925,Barry_Sanders_(professor)
2926,Wolfgang_Sachs
2927,Everett_Reimer
2928,Ivo_Urbančič
2929,Jože_Pučnik
2930,Richard_Joyce_(philosopher)
2931,Michael_Martin_(philosopher)
2932,Colin_MacLeod_(philosopher)
2933,Jordan_Howard_Sobel_(philosopher)
2934,J._M._E._McTaggart
2935,S._V._Keeling
2936,Jabir_ibn_Hayyan
2937,Picatrix
2938,Muhammed_ibn_Umail_al-Tamimi
2939,Al-Jaldaki
2940,Pseudo-Geber
2941,Ibn_Wahshiyya
2942,Jacob_Moleschott
2943,Norbert_Bolz
2944,Jacques_Camatte
2945,Fredy_Perlman
2946,Tiqqun
2947,Paul_B._Preciado
2948,James_KA_Smith
2949,Geoffrey_Hartman
2950,Theodore_Jennings
2951,Maebh_Long
2952,John_D._Caputo
2953,Béatrice_Galinon-Mélénec
2954,Philippe_Lacoue-Labarthe
2955,List_of_thinkers_influenced_by_deconstruction
2956,Bernard_Charbonneau
2957,José_Bové
2958,Robert_K._Merton
2959,Ursula_Franklin
2960,Vernard_Eller
2961,Dominique_Bourg
2962,Randal_Marlin
2963,Radovan_Richta
2964,George_Dyson_(science_historian)
2965,Yuk_Hui
2966,Tim_Keller_(pastor)
2967,William_Stringfellow
2968,Alexandre_Christoyannopoulos
2969,Brian_Brock
2970,Carl_Mitcham
2971,Greg_Boyd_(theologian)
2972,Jacques_Maury
2973,James_M._Houston
2974,Jean-Claude_Guillebaud
2975,Ted_Kaczynski
2976,Marva_Dawn
2977,Albert_Borgmann
2978,Jim_Wallis
2979,Langdon_Winner
2980,Egbert_Schuurman
2981,Michel_Leplay
2982,Neil_Postman
2983,Shane_Claiborne
2984,Rustum_Roy
2985,Willem_H._Vanderburg
2986,Alain_Gras
2987,André_Vitalis
2988,Noel_Mamère
2989,Olivier_Abel
2990,Elisabeth_Roudinesco
2991,Lacanian_movement
2992,Ljubljana_school_of_psychoanalysis
2993,Mari_Ruti
2994,Éric_Laurent_(psychoanalyst)
2995,Yves_Congar
2996,John_Haddox
2997,Jean_Daujat
2998,Yves_Simon_(philosopher)
2999,Todd_May
3000,Gabriel_Rockhill
3001,Kristin_Ross
3002,Bernard_Aspe
3003,Jakob_Böhme
3004,Louis_Claude_de_Saint-Martin
3005,John_Pordage
3006,John_Amos_Comenius
3007,Leonard_Nelson
3008,Otto_Fritz_Meyerhof
3009,James_Higginbotham
3010,J._S._Mill
3011,Jamgön_Ju_Mipham_Gyatso
3012,Gendün_Chöphel
3013,Nyingma
3014,Thubten_Chökyi_Dorje
3015,Botrul_Dongak_Tenpai_Nyima
3016,Jan_Baudouin_de_Courtenay
3017,Czech_philosophy
3018,Erazim_Kohák
3019,Charter_77
3020,Jan_Łukasiewicz
3021,Romanticism
3022,French_Revolution
3023,Louis_Antoine_de_Saint-Just
3024,Madame_de_Staël
3025,American_Revolution
3026,Counter-Enlightenment
3027,Dimitri_Kitsikis
3028,Maria_Montessori
3029,Napoleon_Bonaparte
3030,Kemal_Atatürk
3031,Jean-Marie_Guyau
3032,Simone_de_Beauvoir
3033,Felix_Guattari
3034,Francis_Jeanson
3035,Harold_Pinter
3036,R._D._Laing
3037,René_Leibowitz
3038,Jean-Pierre_de_Crousaz
3039,Copernicus
3040,Galileo
3041,Nicole_Oresme
3042,Jean_Hyppolite
3043,Jean_Gebser
3044,Rudolf_Bahro
3045,Allan_Combs
3046,Georg_Feuerstein
3047,William_Irwin_Thompson
3048,Daniel_Pinchbeck
3049,Hugo_Enomiya-Lassalle
3050,Ralph_Abraham_(mathematician)
3051,John_David_Ebert
3052,Jean_Grou
3053,Thomas_Weld_(cardinal)
3054,Weld_family
3055,Gérard_Granel
3056,Pramoedya_Ananta_Toer
3057,Republic_of_Indonesia
3058,Sudirman
3059,Sukarni
3060,Sukarno
3061,Wikana
3062,Adam_Malik
3063,Haji_Misbach
3064,Asghar_Ali_Engineer
3065,Chaerul_Saleh
3066,Goenawan_Mohammad
3067,Metrocles
3068,Hipparchia_of_Maroneia
3069,Tetsuro_Watsuji
3070,Augustin_Berque
3071,Thales_of_Miletus
3072,Jennifer_Hornsby
3073,Shelly_Kagan
3074,Aristippus
3075,Anniceris
3076,Arete_of_Cyrene
3077,Hegesias_of_Cyrene
3078,Aristo_of_Alexandria
3079,Eudorus_of_Alexandria
3080,Aristocles_of_Messene
3081,Arthur_A._Cohen
3082,Thomas_J._J._Altizer
3083,David_Carrier
3084,Noël_Carroll
3085,George_Dickie_(philosopher)
3086,Arthur_Oncken_Lovejoy
3087,George_Boas
3088,Arthur_Prior
3089,Max_Cresswell
3090,John_Lemmon
3091,Robert_Bull
3092,Kit_Fine
3093,Joris-Karl_Huysmans
3094,Joseph_Campbell
3095,Johannes_Volkelt
3096,Anthony_Ludovici
3097,Émile_Zola
3098,Augusto_dos_Anjos
3099,Afanasy_Fet
3100,Erwin_Schrödinger
3101,Ettore_Majorana
3102,Otto_Rank
3103,Gerard_Reve
3104,Gustav_Mahler
3105,Guy_de_Maupassant
3106,Hermann_Hesse
3107,Arnold_Schoenberg
3108,Johannes_Brahms
3109,Karl_Kraus_(writer)
3110,L._E._J._Brouwer
3111,Artur_Juncosa_Carbonell
3112,Sergio_Rodríguez_López-Ros
3113,August_Cieszkowski
3114,Józef_Kallenbach
3115,Józef_Kremer
3116,Zygmunt_Krasinski
3117,Trentowski
3118,Norwid
3119,Abdulhakim_Arvasi
3120,Ahmad_Zarruq
3121,Ahmad_ibn_Ajiba
3122,Ibn_Hajar_al-Asqalani
3123,Charles_De_Koninck
3124,Jean-Baptiste_André_Godin
3125,Domingo_Faustino_Sarmiento
3126,Hakim_Bey
3127,Paul_Goodman_(writer)
3128,David_Ray_Griffin
3129,John_B._Cobb
3130,Donald_W._Viney
3131,De_Gaulle
3132,Maurice_Duplessis
3133,Fulgencio_Batista
3134,Fumimaro_Konoe
3135,Ljotić
3136,Francisco_Franco
3137,Pinochet
3138,António_Salazar
3139,Kuehnelt-Leddihn
3140,Perón
3141,G._Sorel
3142,Maritain
3143,Wielomski
3144,Pétain
3145,Charles_Parsons_(philosopher)
3146,Gila_Sher
3147,Octave_Hamelin
3148,Alfred_Fouillée
3149,Louis_Couturat
3150,Ernst_Schröder_(mathematician)
3151,Richard_Swedberg
3152,Christine_Ladd-Franklin
3153,Robert_N._Bellah
3154,Bhikhu_Parekh
3155,David_Lyon_(sociologist)
3156,Joseph_Augustine_Di_Noia
3157,Charles_Lindholm
3158,Craig_Calhoun
3159,Alain_Touraine
3160,Daniel_A._Bell
3161,Guy_Laforest
3162,Jack_Layton
3163,James_K._A._Smith
3164,Mary_Poovey
3165,Mark_Stuart_Edwards
3166,Michael_J._Sandel
3167,Michael_Walzer
3168,K.A._Appiah
3169,Alcmaeon_of_Croton
3170,Calcidius
3171,Stobaeus
3172,A._V._Dicey
3173,Pierre_Étienne_Louis_Dumont
3174,John_Austin_(legal_philosophy)
3175,Francis_Y._Edgeworth
3176,Ernest_Lepore
3177,Jiddu_Krishnamurti
3178,Dada_Dharmadhikari
3179,Toni_Packer
3180,Bruce_Lee
3181,Achyut_Patwardhan
3182,Jackson_Pollock
3183,Nehru
3184,Joel_Feinberg
3185,Jules_Coleman
3186,Johann_Christoph_Adelung
3187,Josef_Dobrovský
3188,Johann_Eduard_Erdmann
3189,Karl_Ludwig_Michelet
3190,Kuno_Fischer
3191,Martin_Kähler
3192,Johann_Friedrich_Herbart
3193,Antonio_Labriola
3194,Moritz_Wilhelm_Drobisch
3195,Gustav_Hartenstein
3196,Johann_Gottfried_Herder
3197,Ľudovít_Štúr
3198,August_Wilhelm_Schlegel
3199,Hippolyte_Taine
3200,Karl_Wilhelm_Friedrich_Schlegel
3201,G._W._F._Hegel
3202,Giovanni_Gentile
3203,Ludwig_Tieck
3204,August_Ludwig_Hülsen
3205,F._W._J._Schelling
3206,Karl_August_von_Eschenmayer
3207,Johann_Gustav_Droysen
3208,Johann_Heinrich_Pestalozzi
3209,Johann_Kaspar_Bluntschli
3210,Richard_T._Ely
3211,Frank_J._Goodnow
3212,Johann_Plenge
3213,Paul_Lensch
3214,Kurt_Schumacher
3215,John_Alexander_Smith
3216,Herbert_James_Paton
3217,David_Malet_Armstrong
3218,John_Passmore
3219,A._J._Baker
3220,Hedley_Bull
3221,Eugene_Kamenka
3222,John_Austin_(legal_philosopher)
3223,Joseph_Raz
3224,Desiderius_Erasmus
3225,John_Cook_Wilson
3226,Richard_Kearney
3227,Merold_Westphal
3228,John_Grinder
3229,Richard_Bandler
3230,Ericksonian_hypnosis
3231,Brief_therapy
3232,Robert_Dilts
3233,Kevin_Hogan_(writer)
3234,John_Lucas_(philosopher)
3235,Roger_Penrose
3236,Louise_Antony
3237,Miranda_Fricker
3238,John_Mearsheimer
3239,Robert_D._Kaplan
3240,Ito_Noe
3241,Yoshiyuki_Eisuke
3242,Justus_Buchler
3243,Robert_S._Corrington
3244,Victorino_Tejera
3245,Stephen_David_Ross
3246,Christopher_Phillips
3247,Armen_Marsoobian
3248,Beth_J._Singer
3249,Kathleen_A._Wallace
3250,B._R._Ambedkar
3251,Józef_Maria_Bocheński
3252,Józef_Maria_Hoene-Wroński
3253,Eliphas_Lévi
3254,Cristina_Lafont
3255,Claus_Offe
3256,Michael_Friedman_(philosopher)
3257,Carol_C._Gould
3258,Kabir
3259,Guru_Nanak
3260,Kalanos
3261,Anaxarchus
3262,Alexander_the_Great
3263,Reception_theory
3264,Rudolf_Hilferding
3265,Bruno_Kreisky
3266,Willy_Brandt
3267,Otto_Bauer
3268,Karl_Renner
3269,Konrad_Lorenz
3270,Karl_Korsch
3271,C.L.R._James
3272,Bertolt_Brecht
3273,Felix_Weil
3274,Friedrich_Schiller
3275,Adolf_Trendelenburg
3276,Ernst_Ludwig_von_Gerlach
3277,Thomas_Carlyle
3278,Karl_Ernst_Jarcke
3279,Guillaume_Groen_van_Prinsterer
3280,Peter_Munz
3281,David_Deutsch
3282,Paul_Levinson
3283,Peter_Medawar
3284,David_Miller_(philosopher)
3285,Ian_Jarvie
3286,William_Warren_Bartley
3287,Bryan_Magee
3288,Ernst_Gombrich
3289,Hans_Albert
3290,Helmut_Schmidt
3291,Jeremy_Shearmur
3292,John_Eccles_(neurophysiologist)
3293,Michael_Redhead
3294,Jon_Sobrino
3295,Francis_A._Sullivan
3296,Herbert_Vorgrimler
3297,Johann_Baptist_Metz
3298,Karl_Lehmann
3299,Kathryn_Tanner
3300,Catherine_LaCugna
3301,Tomas_Halik
3302,Katarzyna_de_Lazari-Radek
3303,G._F._Stout
3304,Ingarden
3305,Andrzej_Nowicki_(philosopher)
3306,Kendall_Walton
3307,Jerrold_Levinson
3308,Kenneth_Waltz
3309,Joseph_Nye
3310,Robert_Jervis
3311,Robert_Keohane
3312,Randall_Schweller
3313,Stephen_Walt
3314,James_Fearon
3315,Fareed_Zakaria
3316,Laozi
3317,Lie_Yukou
3318,Neotaoism
3319,Larry_Laudan
3320,James_T._Cushing
3321,Lazăr_Șăineanu
3322,Iorgu_Iordan
3323,Menippus
3324,Susan_R._Wolf
3325,Julia_Driver
3326,Susan_Strange
3327,Louis_Pauly
3328,Eric_Helleiner
3329,Howard_Gardner
3330,Clifford_Geertz
3331,Neo-Concrete_Movement
3332,Suzanne_Briet
3333,S._R._Ranganathan
3334,Michael_Buckland
3335,Jesse_Shera
3336,Nikola_Pašić
3337,Syed_Ahmad_Khan
3338,Aligarh_Movement
3339,Pervez_Musharraf
3340,"Louis_Mountbatten,_1st_Earl_Mountbatten_of_Burma"
3341,All-India_Muslim_League
3342,Politics_of_Pakistan
3343,Nawab_Sir_Ziauddin_Ahmed
3344,Syed_Zahoor_Shah_Hashmi
3345,Zubaida_Jalal_Khan
3346,Syrianus
3347,Hermias_(philosopher)
3348,Rollo_May
3349,Romano_Guardini
3350,Henrik_Ibsen
3351,Ingmar_Bergman
3352,Georges_Gusdorf
3353,T._H._Green
3354,David_George_Ritchie
3355,J._H._Muirhead
3356,R._L._Nettleship
3357,Leonard_Hobhouse
3358,C._B._Macpherson
3359,T._K._Seung
3360,Jack_Balkin
3361,https://las.depaul.edu/academics/political-science/faculty/Pages/david-lay-williams.aspx
3362,Jesper_Hede
3363,T._M._Scanlon
3364,Naguib_Mahfouz
3365,Tahar_Ben_Jelloun
3366,Tajuddin_Muhammad_Badruddin
3367,Yousuf_Shah_Taji
3368,Edgar_S._Brightman
3369,George_Paxton_Young
3370,Henry_of_Harclay
3371,Herman_of_Carinthia
3372,Albert_the_Great
3373,Kurt_Baier
3374,Theognostus_of_Alexandria
3375,Gregory_of_Nyssa
3376,School_of_Alexandria
3377,Crantor
3378,Polemon_(scholarch)
3379,Giordano_Bruno__Giordano_Bruno__1
3380,Molière
3381,Zeno_of_Citium__Zeno_of_Citium__1
3382,Epictetus
3383,Panaetius
3384,Zeno_of_Elea__Zeno_of_Elea__1
3385,Panagiotis_Kondylis
3386,Alice_von_Hildebrand
3387,Balduin_Schwarz
3388,Dimitrije_Mitrinović
3389,Predrag_Palavestra
3390,Diogenes
3391,Kwame_Anthony_Appiah
3392,Stoics
3393,Diogenes_of_Apollonia
3394,Aristophanes
3395,Lucas_Introna
3396,Jeff_Malpas
3397,Kirk_Ludwig
3398,Asclepiodotus_of_Alexandria
3399,Marguerite_Porete
3400,Heresy_of_the_Free_Spirit
3401,Ann_Nocenti
3402,B._W._Powe
3403,Timothy_Leary
3404,Wired_(magazine)
3405,Jacques_Languirand
3406,Terence_McKenna
3407,Dick_Higgins
3408,Douglas_Coupland
3409,Douglas_Rushkoff
3410,Hugh_Kenner
3411,Merce_Cunningham
3412,Nelson_Thall
3413,Gerd_Stern
3414,Giles_of_Viterbo
3415,Leon_Battista_Alberti
3416,Francesco_Cattani_da_Diacceto
3417,Poliziano
3418,Giovanni_Pico
3419,Martha_Albertson_Fineman
3420,David_G._Hebert
3421,Linda_Martín_Alcoff
3422,Karl_Löwith
3423,Jean_Beaufret
3424,Christian_Norberg-Schulz
3425,Kuki_Shūzō
3426,Reiner_Schürmann
3427,Benno_Erdmann
3428,Martín_de_Azpilcueta
3429,Pherecydes_of_Syros
3430,Apollonius_of_Rhodes
3431,Orphism_(religion)
3432,Pseudo-Apollodorus
3433,Peter_Godfrey-Smith
3434,C._Kenneth_Waters
3435,Kyle_Stanford
3436,Michael_Weisberg
3437,Patricia_Kitcher
3438,Philip_Pettit
3439,José_Luis_Rodríguez_Zapatero
3440,Max_Seiling
3441,Alfred_Kubin
3442,Ulrich_Horstmann
3443,Rosalind_Hursthouse
3444,Judith_Jarvis_Thomson
3445,Michael_Slote
3446,Candace_Vogler
3447,Philippe_Van_Parijs
3448,Philo
3449,Early_Christianity
3450,Philolaus
3451,Eurytus_(Pythagorean)
3452,Victor_Hugo
3453,Friedrich_Wilhelm_Schulz
3454,Mykhailo_Drahomanov
3455,Antero_de_Quental
3456,Francesc_Pi_i_Margall
3457,Bishop_Berkeley
3458,John_Toland
3459,Frederick_the_Great
3460,Marquis_de_Condorcet
3461,Pierre_Louis_Maupertuis
3462,Pierre_des_Maizeaux
3463,Loïc_Wacquant
3464,Stephen_Menn
3465,Émile_Jouguet
3466,John_Worrall_(philosopher)
3467,Stanley_Jaki
3468,Walter_Charleton
3469,François_Bernier
3470,Wayne_Hankey
3471,Pierre_Teilhard_de_Chardin
3472,John_Perry_Barlow
3473,Julian_Huxley
3474,Theodosius_Dobzhansky
3475,Thomas_Berry
3476,Brian_Swimme
3477,K._H._Ting
3478,Pope_Francis
3479,Frank_Tipler
3480,Julian_the_Apostate
3481,Boethius
3482,Hypatia_of_Alexandria
3483,Augustine_of_Hippo
3484,Traditionalist_School
3485,Johannes_Scotus_Eriugena
3486,Hierocles_of_Alexandria
3487,Porphyry_(philosopher)
3488,Iamblichus
3489,Neoplatonism_and_Gnosticism
3490,Platonism_in_the_Renaissance
3491,Gemistus_Pletho
3492,Christianity_and_Neoplatonism
3493,Schiller
3494,Basil_of_Caesarea
3495,Beethoven
3496,Aristides
3497,Cyril_of_Alexandria
3498,Numenius_of_Apamea
3499,Atticus_(philosopher)
3500,Jean_Paul
3501,Arrian
3502,Alcinous_(philosopher)
3503,Sextus_of_Chaeronea
3504,R._W._Emerson
3505,Polybius
3506,Andrzej_Fredro
3507,Charles_Joseph_Minard
3508,Diodorus
3509,Historical_inquiry
3510,Scholasticism
3511,Arabic
3512,Gaius_Marius_Victorinus
3513,Sossianus_Hierocles
3514,Neoplatonism
3515,Eusebius_of_Caesarea
3516,Phaedo_of_Elis
3517,Euclid_of_Megara
3518,Solomon_Feferman
3519,Jon_Barwise
3520,Hugo_Grotius
3521,Cornelius_van_Bynkershoek
3522,Gustavus_Adolphus_of_Sweden
3523,Jean_Barbeyrac
3524,John_Milton
3525,Johann_Hiltalinger
3526,Héloïse
3527,Petrarch
3528,Hélène_Cixous
3529,Aedesius
3530,Maximus_of_Ephesus
3531,Ibn_Dihya_al-Kalby
3532,Ibn_al-Salah
3533,Ikki_Kita
3534,Seigō_Nakano
3535,Poul_Martin_Møller
3536,John_Daniel_Morell
3537,Eduard_Zeller
3538,African_Spir
3539,F._H._Jacobi
3540,Kitaro_Nishida
3541,Masao_Abe
3542,Shizuteru_Ueda
3543,Hajime_Tanabe
3544,Shin'ichi_Hisamatsu
3545,Tosaka_Jun
3546,Miki_Kiyoshi
3547,Nishitani_Keiji
3548,Kostas_Axelos
3549,Krishna_Chandra_Bhattacharya
3550,John_Pentland_Mahaffy
3551,Lev_Vygotsky
3552,Michael_Bratman
3553,Nomy_Arpaly
3554,Barry_Smith_(academic)
3555,Christopher_Peacocke
3556,Gareth_Evans_(philosopher)
3557,Ian_Rumfitt
3558,Michael_Frede
3559,Michael_Forster_(philosopher)
3560,Maurice_Cowling
3561,Gertrude_Himmelfarb
3562,Andrew_Sullivan
3563,Margaret_Thatcher
3564,John_N._Gray
3565,Richard_E._Flathman
3566,Simon_Saunders
3567,Harvey_Brown_(philosopher)
3568,Steven_French_(philosopher)
3569,Michael_Sandel
3570,Richard_David_Precht
3571,Ed_Miliband
3572,Paul_Rabinow
3573,Abdullah_Ocalan
3574,David_Halperin
3575,Steven_Connor
3576,Pierre_Lévy_(philosopher)
3577,Réda_Benkirane
3578,José_Saramago
3579,Virginia_Woolf
3580,Gore_Vidal
3581,Stefan_Zweig
3582,William_Hazlitt
3583,William_Shakespeare
3584,Alexander_Pushkin
3585,Eric_Hoffer
3586,Pierre_Charron
3587,Jean_Meslier
3588,Albert_Hirschman
3589,Nassim_Nicholas_Taleb
3590,Fulton_Sheen
3591,Jean_Paul_Sartre
3592,Mikhail_Bakhtin
3593,Tzvetan_Todorov
3594,Carlo_Cafiero
3595,Bhagat_Singh
3596,Machajski
3597,E.P._Thompson
3598,A.S._Neill
3599,Sergei_Nechaev
3600,Milan_Komar
3601,Alojz_Rebula
3602,Augusto_del_Noce
3603,Zorko_Simčič
3604,Rupert_Sheldrake
3605,Cahit_Zarifoğlu
3606,Salih_Mirzabeyoğlu
3607,Recep_Tayyip_Erdoğan
3608,Sezai_Karakoç
3609,Nuri_Pakdil
3610,Rasim_Özdenören
3611,Sidney_Morgenbesser
3612,Catherine_Elgin
3613,Israel_Scheffler
3614,Niccolò_Machiavelli
3615,Vilfredo_Pareto
3616,Giulio_Andreotti
3617,Thomas_Schelling
3618,James_Harrington_(author)
3619,Gerd_B._Achenbach
3620,Olga_Plümacher
3621,Frank_Wedekind
3622,John_Scotus_Eriugena
3623,Maximus_the_Confessor
3624,Christian_theology
3625,Pope_Dionysius_of_Alexandria
3626,Gregory_Thaumaturgus
3627,Arius
3628,"John_II,_Bishop_of_Jerusalem"
3629,Pope_Theophilus_of_Alexandria
3630,Gregory_of_Nazianzus
3631,Tyrannius_Rufinus
3632,Claudio_Magris
3633,Aldo_Capitini
3634,R._B._Braithwaite
3635,Niall_Ferguson
3636,Matthew_Arnold
3637,Emily_Dickinson
3638,Herman_Melville
3639,Nathaniel_Hawthorne
3640,Raya_Dunayevskaya
3641,Andrew_Kliman
3642,Cyril_Smith_(Marxist)
3643,Kevin_B._Anderson
3644,Zbigniew_Brzezinski
3645,Tony_Judt
3646,Jean-François_Revel
3647,Paul_Veyne
3648,Raymond_Williams
3649,Martin_of_Braga
3650,Medieval_philosophy
3651,"Giovanni_Colonna_(cardinal,_1295–1348)"
3652,Albertino_Mussato
3653,Nassim_Taleb
3654,Sayyed_Jalal-ed-Din_Ashtiani
3655,Joseph_E._B._Lumbard
3656,Salleh_Yaapar
3657,Zailan_Moris
3658,Enes_Karić
3659,Gai_Eaton
3660,Gholam-Ali_Haddad-Adel
3661,Muzaffar_Iqbal
3662,Osman_Bakar
3663,Luce_López-Baralt
3664,Fazlun_Khalid
3665,Feeroozeh_Golmohammadi
3666,Waleed_El-Ansary
3667,Mawil_Izzi_Dien
3668,Toshihiko_Izutsu
3669,"Walter_James,_4th_Baron_Northbourne"
3670,Abdurrahman_Wahid
3671,Dariush_Shayegan
3672,Nuh_Ha_Mim_Keller
3673,Reza_Shah-Kazemi
3674,James_Winston_Morris
3675,Laleh_Bakhtiar
3676,Syed_Nomanul_Haq
3677,Ibrahim_Ozdemir
3678,Ibrahim_Kalin
3679,Komaruddin_Hidayat
3680,Caner_Dagli
3681,Sachiko_Murata
3682,Gholamreza_Aavani
3683,Nader_Ardalan
3684,William_C._Chittick
3685,Sheikh_Yusof_Sarvestani
3686,Wendy_Brown_(political_theorist)
3687,Joan_Tronto
3688,Mary_G._Dietz
3689,Wolfgang_Cramer
3690,Wolfgang_Stegmüller
3691,Martine_Nida-Rümelin
3692,Frederick_Wilhelmsen
3693,Ignacio_Ellacuría
3694,Epicharmus
3695,Xiong_Shili
3696,Xu_Fuguan
3697,Yamazaki_Ansai
3698,Hoshina_Masayuki
3699,Asami_Keisai
3700,Satō_Naokata
3701,Yann_Fouéré
3702,Identitarian_movement
3703,Nouvelle_Droite
3704,Yaşar_Nuri_Öztürk
3705,Caner_Taslaman
3706,İhsan_Eliaçık
3707,Mustafa_İslamoğlu
3708,Edip_Yüksel
3709,Mirza_Mazhar_Jan-e-Janaan
3710,Qadi_Thanaullah_Panipati
3711,Sayyid_Mir_Jan
3712,Ibn_Abidin
3713,Shah_Ghulam_Ali_Dahlavi
3714,Robert_M._Pirsig
3715,Eugene_Gendlin
3716,Wayne_Booth
3717,Syed_Shujaat_Ali_Qadri
3718,Muhammad_Muneeb_ur_Rehman
3719,Ullin_Place
3720,Zeno_Vendler
3721,David_Dowty
3722,Emmon_Bach
3723,Mark_Steedman
3724,Henk_Verkuyl
3725,Gustav_Hugo
3726,Ben_Woodard
3727,Jeremy_Dunham
3728,Sarmad_Kashani
3729,Dara_Shukoh
3730,Abul_Kalam_Azad
3731,Thomas_Prufer
3732,Ernest_Nagel__Ernest_Nagel__1
3733,Henry_Kyburg
3734,Ernst_Mally__Ernst_Mally__1
3735,Euclid_of_Megara__Euclid_of_Megara__1
3736,Clinomachus
3737,Ichthyas
3738,Thrasymachus_of_Corinth
3739,Eubulides
3740,Jacob_Burckhardt__Jacob_Burckhardt__1
3741,Heinrich_Wölfflin
3742,Johan_Huizinga
3743,Werner_Kaegi
3744,Gómez_Dávila
3745,Eva_Kittay
3746,Margaret_Urban_Walker
3747,Susan_Brison
3748,John_Etchemendy
3749,Richard_Tieszen
3750,Richard_Webster_(British_author)
3751,G._A._Cohen
3752,Alan_R._White
3753,Þorsteinn_Gylfason
3754,Mohammed_Abed_al-Jabri
3755,Muhammad_Rida_al-Muzaffar
3756,Muhammad_Hossein_Qaravi
3757,Muhammad_Taha_al-Huwayzi
3758,Muhammad_Sirajuddin_Naqshbandi
3759,Sajjan_Saeen
3760,Horace
3761,Muhammad_Husayn_Tabatabai__Muhammad_Husayn_Tabataba'i__1
3762,Mohammad_Mofatteh
3763,Morteza_Motahhari
3764,Muhammad_al-Tijani
3765,Abdollah_Javadi-Amoli
3766,Ebrahim_Amini
3767,Hassan_Hassanzadeh_Amoli
3768,Naser_Makarem_Shirazi
3769,Musa_Sadr
3770,Muhammad_Beheshti
3771,Hecato_of_Rhodes
3772,Himerius
3773,William_of_Moerbeke
3774,Vitello
3775,Tanhum_of_Jerusalem
3776,Edward_Pococke
3777,"Michael_Peter_Davis,"
3778,René_Wellek
3779,Wolfgang_Iser
3780,George_Boole__George_Boole__1
3781,Claude_Shannon
3782,Augustus_De_Morgan
3783,William_Ernest_Johnson
3784,William_Stanley_Jevons
3785,Hugh_MacColl
3786,Victor_Shestakov
3787,George_Boolos__George_Boolos__1
3788,George_Ripley_(alchemist)__George_Ripley__1
3789,Steno_Tedeschi
3790,Giani_Stuparich
3791,Alexander_of_Hales__Alexander_of_Hales__1
3792,Alexander_Carpenter
3793,Richard_Rufus_of_Cornwall
3794,Algernon_Sidney__Algernon_Sidney__1
3795,Ronald_Knox
3796,Paul_Claudel
3797,François_Mauriac
3798,George_Macdonald
3799,Louis_Pasteur
3800,Alexis_De_Tocqueville
3801,Charles_Dickens
3802,Charles_Péguy
3803,TS_Eliot
3804,FA_Hayek
3805,J._K._Huysmans
3806,Jean-Jaques_Rousseau
3807,CS_Lewis
3808,Allan_Bloom__Allan_Bloom__1
3809,Alan_Keyes
3810,Janet_Ajzenstat
3811,Ibn_Arabi__Ibn_ʿArabī__1
3812,Ruhollah_Khomeini
3813,Yusuf_an-Nabhani
3814,Dawūd_al-Qayṣarī
3815,Sadr_al-Din_al-Qunawi
3816,Said_Nursî
3817,Shah_Nimatullah_Wali
3818,Emir_Abdelkader
3819,Mir_Sayyid_Ali_Hamadani
3820,Hamzah_Fansuri
3821,Ibn_al-Farid
3822,Idris_Bitlisi
3823,Mahmoud_Shabestari
3824,Ahmad_al-Alawi
3825,Ahmed_Mohammed_al-Maqqari
3826,Abd_al-Ghani_al-Nabulsi
3827,Abd_al-Karīm_al-Jīlī
3828,Abdel-Halim_Mahmoud
3829,Ahmed_Raza_Khan_Barelvi
3830,Al-Sha'rani
3831,Al-Suyuti
3832,Fairuzabadi
3833,Fakhr-al-Din_Iraqi
3834,Haydar_Amuli
3835,Ismail_Hakki_Bursevi
3836,Jami
3837,Javad_Nurbakhsh
3838,Abu_Said_al-Baji
3839,Shah_Waliullah_Dehlawi
3840,Shams_al-Din_al-Fanari
3841,Yahya_Efendi
3842,Naquib_al-Attas
3843,Peter_Huxley-Blythe__Peter_Huxley-Blythe__1
3844,Colin_Jordan
3845,Nikolai_Tolstoy
3846,Roger_Pearson_(anthropologist)
3847,Cesare_Cremonini_(philosopher)__Cesare_Cremonini__1
3848,Libertine
3849,Theophilos_Corydalleus
3850,Gabriel_Naudé
3851,Gottlob_Frege__Gottlob_Frege__1
3852,Giuseppe_Peano
3853,Analytic_philosophy
3854,Jan_Hus__Jan_Hus__1
3855,Savonarola
3856,John_Wesley
3857,Jerome_of_Prague
3858,Martin_Buber__Martin_Buber__1
3859,E._Levinas
3860,Fritz_Perls
3861,Laura_Perls
3862,Heschel
3863,John_Berger
3864,E._Brunner
3865,Von_Balthasar
3866,"Martin_Gardner__Plato,_Kant,_G._K._Chesterton,_William_James,_Char__1"
3867,Ronald_Graham
3868,Persi_Diaconis
3869,Dennis_Shasha
3870,Erik_Demaine
3871,James_Randi
3872,John_Horton_Conway
3873,Donald_Knuth
3874,Ian_Stewart_(mathematician)
3875,Ray_Hyman
3876,Raymond_Smullyan
3877,Miguel_Castillo_Didier__Héctor_Herrera_Cajas__1
3878,Sebastián_Salinas_Gaete
3879,Anselm_of_Laon__Anselm_of_Laon__1
3880,Gilbert_of_Poitiers
3881,Hugh_of_Amiens
3882,Antoine_Arnauld__Antoine_Arnauld__1
3883,Francisque_Bouillier
3884,Antonio_Labriola__Antonio_Labriola__1
3885,Amadeo_Bordiga
3886,Leonard_Nelson__Leonard_Nelson__1
3887,Paul_Bernays
3888,Minna_Specht
3889,"Sir_William_Hamilton,_9th_Baronet__William_Hamilton__1"
3890,James_Hutchison_Stirling
3891,John_Veitch_(poet)
